Filtering the log data using "subsystem == "com.yalpani.openplane" AND category == "navigation""
Timestamp               Ty Process[PID:TID]
2026-09-07 13:55:57.273 Df OpenPlane[66019:1fd4bc] [com.yalpani.openplane:navigation] arrow phase=before timestamp=110100.596093 type=10 code=125 modifiers=10486016 repeat=false index=0 cameraY=-495.500000 targetY=-495.5
2026-09-07 13:55:57.280 Df OpenPlane[66019:1fd4bc] [com.yalpani.openplane:navigation] arrow phase=after timestamp=110100.596093 type=10 code=125 modifiers=10486016 repeat=false index=1 cameraY=-498.156830 targetY=-1586.5
2026-09-07 13:55:57.395 Df OpenPlane[66019:1fd4bc] [com.yalpani.openplane:navigation] arrow phase=release timestamp=110100.720815 type=11 code=125 modifiers=10486016 repeat=false index=1 cameraY=-1308.029756 targetY=-1586.5
2026-09-07 13:55:57.620 Df OpenPlane[66019:1fd4bc] [com.yalpani.openplane:navigation] arrow phase=before timestamp=110100.945952 type=10 code=126 modifiers=10486016 repeat=false index=1 cameraY=-1586.500000 targetY=-1586.5
2026-09-07 13:55:57.625 Df OpenPlane[66019:1fd4bc] [com.yalpani.openplane:navigation] arrow phase=after timestamp=110100.945952 type=10 code=126 modifiers=10486016 repeat=false index=0 cameraY=-1585.503990 targetY=-495.5
2026-09-07 13:55:57.750 Df OpenPlane[66019:1fd4bc] [com.yalpani.openplane:navigation] arrow phase=release timestamp=110101.075095 type=11 code=126 modifiers=10486016 repeat=false index=0 cameraY=-717.470747 targetY=-495.5
2026-09-07 13:56:29.352 Df OpenPlane[66019:1fd4bc] [com.yalpani.openplane:navigation] arrow phase=before timestamp=110132.679112 type=10 code=125 modifiers=10486016 repeat=false index=0 cameraY=-2838.397849 targetY=-499.0
2026-09-07 13:56:29.357 Df OpenPlane[66019:1fd4bc] [com.yalpani.openplane:navigation] arrow phase=after timestamp=110132.679112 type=10 code=125 modifiers=10486016 repeat=false index=1 cameraY=-2836.677338 targetY=-1593.5
2026-09-07 13:56:29.524 Df OpenPlane[66019:1fd4bc] [com.yalpani.openplane:navigation] arrow phase=release timestamp=110132.851499 type=11 code=125 modifiers=10486016 repeat=false index=1 cameraY=-1602.819835 targetY=-1593.5
2026-09-07 13:56:29.912 Df OpenPlane[66019:1fd4bc] [com.yalpani.openplane:navigation] arrow phase=before timestamp=110133.235808 type=10 code=126 modifiers=10486016 repeat=false index=1 cameraY=-1590.817204 targetY=-1593.5
2026-09-07 13:56:29.917 Df OpenPlane[66019:1fd4bc] [com.yalpani.openplane:navigation] arrow phase=after timestamp=110133.235808 type=10 code=126 modifiers=10486016 repeat=false index=0 cameraY=-1589.512398 targetY=-499.0
2026-09-07 13:56:30.008 Df OpenPlane[66019:1fd4bc] [com.yalpani.openplane:navigation] arrow phase=release timestamp=110133.335652 type=11 code=126 modifiers=10486016 repeat=false index=0 cameraY=-1006.260497 targetY=-499.0
2026-09-07 13:56:30.261 Df OpenPlane[66019:1fd4bc] [com.yalpani.openplane:navigation] arrow phase=before timestamp=110133.586015 type=10 code=126 modifiers=10486016 repeat=false index=0 cameraY=-499.000000 targetY=-499.0
2026-09-07 13:56:30.261 Df OpenPlane[66019:1fd4bc] [com.yalpani.openplane:navigation] arrow phase=after timestamp=110133.586015 type=10 code=126 modifiers=10486016 repeat=false index=0 cameraY=-499.000000 targetY=-499.0
2026-09-07 13:56:30.389 Df OpenPlane[66019:1fd4bc] [com.yalpani.openplane:navigation] arrow phase=release timestamp=110133.715986 type=11 code=126 modifiers=10486016 repeat=false index=0 cameraY=-499.000000 targetY=-499.0
2026-09-07 13:56:30.483 Df OpenPlane[66019:1fd4bc] [com.yalpani.openplane:navigation] arrow phase=before timestamp=110133.807757 type=10 code=126 modifiers=10486016 repeat=false index=0 cameraY=-499.000000 targetY=-499.0
2026-09-07 13:56:30.483 Df OpenPlane[66019:1fd4bc] [com.yalpani.openplane:navigation] arrow phase=after timestamp=110133.807757 type=10 code=126 modifiers=10486016 repeat=false index=0 cameraY=-499.000000 targetY=-499.0
2026-09-07 13:56:30.583 Df OpenPlane[66019:1fd4bc] [com.yalpani.openplane:navigation] arrow phase=release timestamp=110133.909811 type=11 code=126 modifiers=10486016 repeat=false index=0 cameraY=-499.000000 targetY=-499.0
2026-09-07 13:56:30.711 Df OpenPlane[66019:1fd4bc] [com.yalpani.openplane:navigation] arrow phase=before timestamp=110134.034589 type=10 code=125 modifiers=10486016 repeat=false index=0 cameraY=-499.000000 targetY=-499.0
2026-09-07 13:56:30.716 Df OpenPlane[66019:1fd4bc] [com.yalpani.openplane:navigation] arrow phase=after timestamp=110134.034589 type=10 code=125 modifiers=10486016 repeat=false index=1 cameraY=-500.045587 targetY=-1593.5
2026-09-07 13:56:30.850 Df OpenPlane[66019:1fd4bc] [com.yalpani.openplane:navigation] arrow phase=release timestamp=110134.177686 type=11 code=125 modifiers=10486016 repeat=false index=1 cameraY=-1438.571040 targetY=-1593.5
2026-09-07 13:56:30.921 Df OpenPlane[66019:1fd4bc] [com.yalpani.openplane:navigation] arrow phase=before timestamp=110134.247931 type=10 code=125 modifiers=10486016 repeat=false index=1 cameraY=-1593.500000 targetY=-1593.5
2026-09-07 13:56:30.927 Df OpenPlane[66019:1fd4bc] [com.yalpani.openplane:navigation] arrow phase=after timestamp=110134.247931 type=10 code=125 modifiers=10486016 repeat=false index=2 cameraY=-1594.926084 targetY=-2684.5
2026-09-07 13:56:30.991 Df OpenPlane[66019:1fd4bc] [com.yalpani.openplane:navigation] arrow phase=release timestamp=110134.317143 type=11 code=125 modifiers=10486016 repeat=false index=2 cameraY=-1943.075844 targetY=-2684.5
2026-09-07 13:56:31.058 Df OpenPlane[66019:1fd4bc] [com.yalpani.openplane:navigation] arrow phase=before timestamp=110134.383738 type=10 code=125 modifiers=10486016 repeat=false index=2 cameraY=-2510.986365 targetY=-2684.5
2026-09-07 13:56:31.065 Df OpenPlane[66019:1fd4bc] [com.yalpani.openplane:navigation] arrow phase=after timestamp=110134.383738 type=10 code=125 modifiers=10486016 repeat=false index=3 cameraY=-2519.122154 targetY=-3775.5
2026-09-07 13:56:31.249 Df OpenPlane[66019:1fd4bc] [com.yalpani.openplane:navigation] arrow phase=release timestamp=110134.575577 type=11 code=125 modifiers=10486016 repeat=false index=3 cameraY=-3775.500000 targetY=-3775.5
2026-09-07 13:56:31.320 Df OpenPlane[66019:1fd4bc] [com.yalpani.openplane:navigation] arrow phase=before timestamp=110134.646044 type=10 code=125 modifiers=10486016 repeat=false index=3 cameraY=-3775.500000 targetY=-3775.5
2026-09-07 13:56:31.327 Df OpenPlane[66019:1fd4bc] [com.yalpani.openplane:navigation] arrow phase=after timestamp=110134.646044 type=10 code=125 modifiers=10486016 repeat=false index=4 cameraY=-3777.900253 targetY=-4866.5
2026-09-07 13:56:31.425 Df OpenPlane[66019:1fd4bc] [com.yalpani.openplane:navigation] arrow phase=release timestamp=110134.750934 type=11 code=125 modifiers=10486016 repeat=false index=4 cameraY=-4434.931731 targetY=-4866.5
2026-09-07 13:56:31.572 Df OpenPlane[66019:1fd4bc] [com.yalpani.openplane:navigation] arrow phase=before timestamp=110134.898972 type=10 code=125 modifiers=10486016 repeat=false index=4 cameraY=-4866.500000 targetY=-4866.5
2026-09-07 13:56:31.579 Df OpenPlane[66019:1fd4bc] [com.yalpani.openplane:navigation] arrow phase=after timestamp=110134.898972 type=10 code=125 modifiers=10486016 repeat=false index=5 cameraY=-4868.474481 targetY=-5935.5
2026-09-07 13:56:31.721 Df OpenPlane[66019:1fd4bc] [com.yalpani.openplane:navigation] arrow phase=release timestamp=110135.045730 type=11 code=125 modifiers=10486016 repeat=false index=5 cameraY=-5839.247216 targetY=-5935.5
2026-09-07 13:56:31.817 Df OpenPlane[66019:1fd4bc] [com.yalpani.openplane:navigation] arrow phase=before timestamp=110135.143084 type=10 code=125 modifiers=10486016 repeat=false index=5 cameraY=-5935.500000 targetY=-5935.5
2026-09-07 13:56:31.823 Df OpenPlane[66019:1fd4bc] [com.yalpani.openplane:navigation] arrow phase=after timestamp=110135.143084 type=10 code=125 modifiers=10486016 repeat=false index=6 cameraY=-5937.009987 targetY=-6848.227765726681
2026-09-07 13:56:31.997 Df OpenPlane[66019:1fd4bc] [com.yalpani.openplane:navigation] arrow phase=release timestamp=110135.325551 type=11 code=125 modifiers=10486016 repeat=false index=6 cameraY=-6848.002335 targetY=-6848.227765726681
2026-09-07 13:56:32.125 Df OpenPlane[66019:1fd4bc] [com.yalpani.openplane:navigation] arrow phase=before timestamp=110135.450082 type=10 code=125 modifiers=10486016 repeat=false index=6 cameraY=-6848.227766 targetY=-6848.227765726681
2026-09-07 13:56:32.131 Df OpenPlane[66019:1fd4bc] [com.yalpani.openplane:navigation] arrow phase=after timestamp=110135.450082 type=10 code=125 modifiers=10486016 repeat=false index=7 cameraY=-6850.246846 targetY=-7786.455531453363
2026-09-07 13:56:32.270 Df OpenPlane[66019:1fd4bc] [com.yalpani.openplane:navigation] arrow phase=release timestamp=110135.597494 type=11 code=125 modifiers=10486016 repeat=false index=7 cameraY=-7688.046509 targetY=-7786.455531453363
2026-09-07 13:56:32.637 Df OpenPlane[66019:1fd4bc] [com.yalpani.openplane:navigation] arrow phase=before timestamp=110135.963229 type=10 code=126 modifiers=10486016 repeat=false index=7 cameraY=-7786.455531 targetY=-7786.455531453363
2026-09-07 13:56:32.643 Df OpenPlane[66019:1fd4bc] [com.yalpani.openplane:navigation] arrow phase=after timestamp=110135.963229 type=10 code=126 modifiers=10486016 repeat=false index=6 cameraY=-7785.192158 targetY=-6848.227765726681
2026-09-07 13:56:32.718 Df OpenPlane[66019:1fd4bc] [com.yalpani.openplane:navigation] arrow phase=release timestamp=110136.046825 type=11 code=126 modifiers=10486016 repeat=false index=6 cameraY=-7399.832332 targetY=-6848.227765726681
2026-09-07 13:56:32.795 Df OpenPlane[66019:1fd4bc] [com.yalpani.openplane:navigation] arrow phase=before timestamp=110136.121492 type=10 code=126 modifiers=10486016 repeat=false index=6 cameraY=-6891.335398 targetY=-6848.227765726681
2026-09-07 13:56:32.801 Df OpenPlane[66019:1fd4bc] [com.yalpani.openplane:navigation] arrow phase=after timestamp=110136.121492 type=10 code=126 modifiers=10486016 repeat=false index=5 cameraY=-6887.572397 targetY=-5935.5
2026-09-07 13:56:32.842 Df OpenPlane[66019:1fd4bc] [com.yalpani.openplane:navigation] arrow phase=release timestamp=110136.170988 type=11 code=126 modifiers=10486016 repeat=false index=5 cameraY=-6742.729696 targetY=-5935.5
2026-09-07 13:56:32.921 Df OpenPlane[66019:1fd4bc] [com.yalpani.openplane:navigation] arrow phase=before timestamp=110136.248057 type=10 code=126 modifiers=10486016 repeat=false index=5 cameraY=-6161.262150 targetY=-5935.5
2026-09-07 13:56:32.926 Df OpenPlane[66019:1fd4bc] [com.yalpani.openplane:navigation] arrow phase=after timestamp=110136.248057 type=10 code=126 modifiers=10486016 repeat=false index=4 cameraY=-6151.425009 targetY=-4866.5
2026-09-07 13:56:32.960 Df OpenPlane[66019:1fd4bc] [com.yalpani.openplane:navigation] arrow phase=release timestamp=110136.288477 type=11 code=126 modifiers=10486016 repeat=false index=4 cameraY=-6016.978418 targetY=-4866.5
2026-09-07 13:56:33.058 Df OpenPlane[66019:1fd4bc] [com.yalpani.openplane:navigation] arrow phase=before timestamp=110136.381140 type=10 code=126 modifiers=10486016 repeat=false index=4 cameraY=-5066.183222 targetY=-4866.5
2026-09-07 13:56:33.065 Df OpenPlane[66019:1fd4bc] [com.yalpani.openplane:navigation] arrow phase=after timestamp=110136.381140 type=10 code=126 modifiers=10486016 repeat=false index=3 cameraY=-5058.065856 targetY=-3775.5
2026-09-07 13:56:33.118 Df OpenPlane[66019:1fd4bc] [com.yalpani.openplane:navigation] arrow phase=release timestamp=110136.446421 type=11 code=126 modifiers=10486016 repeat=false index=3 cameraY=-4760.544242 targetY=-3775.5
2026-09-07 13:56:33.204 Df OpenPlane[66019:1fd4bc] [com.yalpani.openplane:navigation] arrow phase=before timestamp=110136.529578 type=10 code=126 modifiers=10486016 repeat=false index=3 cameraY=-3919.828025 targetY=-3775.5
2026-09-07 13:56:33.209 Df OpenPlane[66019:1fd4bc] [com.yalpani.openplane:navigation] arrow phase=after timestamp=110136.529578 type=10 code=126 modifiers=10486016 repeat=false index=2 cameraY=-3913.228204 targetY=-2684.5
2026-09-07 13:56:33.260 Df OpenPlane[66019:1fd4bc] [com.yalpani.openplane:navigation] arrow phase=release timestamp=110136.588471 type=11 code=126 modifiers=10486016 repeat=false index=2 cameraY=-3647.102876 targetY=-2684.5
2026-09-07 13:56:33.325 Df OpenPlane[66019:1fd4bc] [com.yalpani.openplane:navigation] arrow phase=before timestamp=110136.649020 type=10 code=126 modifiers=10486016 repeat=false index=2 cameraY=-3006.879737 targetY=-2684.5
2026-09-07 13:56:33.331 Df OpenPlane[66019:1fd4bc] [com.yalpani.openplane:navigation] arrow phase=after timestamp=110136.649020 type=10 code=126 modifiers=10486016 repeat=false index=1 cameraY=-2998.413704 targetY=-1593.5
2026-09-07 13:56:33.425 Df OpenPlane[66019:1fd4bc] [com.yalpani.openplane:navigation] arrow phase=release timestamp=110136.749588 type=11 code=126 modifiers=10486016 repeat=false index=1 cameraY=-2217.255623 targetY=-1593.5
2026-09-07 13:56:33.862 Df OpenPlane[66019:1fd4bc] [com.yalpani.openplane:navigation] arrow phase=before timestamp=110137.188305 type=10 code=126 modifiers=10486016 repeat=false index=1 cameraY=-1593.500000 targetY=-1593.5
2026-09-07 13:56:33.867 Df OpenPlane[66019:1fd4bc] [com.yalpani.openplane:navigation] arrow phase=after timestamp=110137.188305 type=10 code=126 modifiers=10486016 repeat=false index=0 cameraY=-1592.392262 targetY=-499.0
2026-09-07 13:56:33.983 Df OpenPlane[66019:1fd4bc] [com.yalpani.openplane:navigation] arrow phase=release timestamp=110137.307635 type=11 code=126 modifiers=10486016 repeat=false index=0 cameraY=-786.486623 targetY=-499.0
2026-09-07 13:56:38.173 Df OpenPlane[66019:1fd4bc] [com.yalpani.openplane:navigation] arrow phase=before timestamp=110141.498573 type=10 code=125 modifiers=10486016 repeat=false index=0 cameraY=-499.000000 targetY=-499.0
2026-09-07 13:56:38.178 Df OpenPlane[66019:1fd4bc] [com.yalpani.openplane:navigation] arrow phase=after timestamp=110141.498573 type=10 code=125 modifiers=10486016 repeat=false index=1 cameraY=-500.125428 targetY=-1593.5
2026-09-07 13:56:38.362 Df OpenPlane[66019:1fd4bc] [com.yalpani.openplane:navigation] arrow phase=release timestamp=110141.684588 type=11 code=125 modifiers=10486016 repeat=false index=1 cameraY=-1593.500000 targetY=-1593.5
2026-09-07 13:56:38.454 Df OpenPlane[66019:1fd4bc] [com.yalpani.openplane:navigation] arrow phase=before timestamp=110141.780317 type=10 code=125 modifiers=10486016 repeat=false index=1 cameraY=-1593.500000 targetY=-1593.5
2026-09-07 13:56:38.459 Df OpenPlane[66019:1fd4bc] [com.yalpani.openplane:navigation] arrow phase=after timestamp=110141.780317 type=10 code=125 modifiers=10486016 repeat=false index=2 cameraY=-1594.687009 targetY=-2684.5
2026-09-07 13:56:38.568 Df OpenPlane[66019:1fd4bc] [com.yalpani.openplane:navigation] arrow phase=release timestamp=110141.896416 type=11 code=125 modifiers=10486016 repeat=false index=2 cameraY=-2332.347242 targetY=-2684.5
2026-09-07 13:56:38.901 Df OpenPlane[66019:1fd4bc] [com.yalpani.openplane:navigation] arrow phase=before timestamp=110142.228039 type=10 code=126 modifiers=10486016 repeat=false index=2 cameraY=-2684.500000 targetY=-2684.5
2026-09-07 13:56:38.903 Df OpenPlane[66019:1fd4bc] [com.yalpani.openplane:navigation] arrow phase=after timestamp=110142.228039 type=10 code=126 modifiers=10486016 repeat=false index=1 cameraY=-2684.243619 targetY=-1593.5
2026-09-07 13:56:39.016 Df OpenPlane[66019:1fd4bc] [com.yalpani.openplane:navigation] arrow phase=release timestamp=110142.345276 type=11 code=126 modifiers=10486016 repeat=false index=1 cameraY=-1919.141750 targetY=-1593.5
2026-09-07 13:56:43.441 Df OpenPlane[66019:1fd4bc] [com.yalpani.openplane:navigation] arrow phase=before timestamp=110146.763386 type=10 code=125 modifiers=10486016 repeat=false index=0 cameraY=-495.500000 targetY=-495.5
2026-09-07 13:56:43.447 Df OpenPlane[66019:1fd4bc] [com.yalpani.openplane:navigation] arrow phase=after timestamp=110146.763386 type=10 code=125 modifiers=10486016 repeat=false index=1 cameraY=-497.082400 targetY=-1590.0
2026-09-07 13:56:43.581 Df OpenPlane[66019:1fd4bc] [com.yalpani.openplane:navigation] arrow phase=release timestamp=110146.909168 type=11 code=125 modifiers=10486016 repeat=false index=1 cameraY=-1436.643346 targetY=-1590.0
2026-09-07 13:56:47.404 Df OpenPlane[66019:1fd4bc] [com.yalpani.openplane:navigation] arrow phase=before timestamp=110150.728525 type=10 code=125 modifiers=10486016 repeat=false index=0 cameraY=-499.000000 targetY=-499.0
2026-09-07 13:56:47.409 Df OpenPlane[66019:1fd4bc] [com.yalpani.openplane:navigation] arrow phase=after timestamp=110150.728525 type=10 code=125 modifiers=10486016 repeat=false index=1 cameraY=-500.572913 targetY=-1593.5
2026-09-07 13:56:47.541 Df OpenPlane[66019:1fd4bc] [com.yalpani.openplane:navigation] arrow phase=release timestamp=110150.869961 type=11 code=125 modifiers=10486016 repeat=false index=1 cameraY=-1425.048983 targetY=-1593.5
2026-09-07 13:56:52.242 Df OpenPlane[66019:1fd4bc] [com.yalpani.openplane:navigation] arrow phase=before timestamp=110155.569752 type=10 code=125 modifiers=10486016 repeat=false index=0 cameraY=-495.500000 targetY=-495.5
2026-09-07 13:56:52.246 Df OpenPlane[66019:1fd4bc] [com.yalpani.openplane:navigation] arrow phase=after timestamp=110155.569752 type=10 code=125 modifiers=10486016 repeat=false index=1 cameraY=-496.381462 targetY=-1590.0
2026-09-07 13:56:52.358 Df OpenPlane[66019:1fd4bc] [com.yalpani.openplane:navigation] arrow phase=release timestamp=110155.686908 type=11 code=125 modifiers=10486016 repeat=false index=1 cameraY=-1264.556392 targetY=-1590.0
2026-09-07 13:57:03.729 Df OpenPlane[66019:1fd4bc] [com.yalpani.openplane:navigation] arrow phase=before timestamp=110167.053824 type=10 code=125 modifiers=10486016 repeat=false index=0 cameraY=-1945.026882 targetY=-499.0
2026-09-07 13:57:03.734 Df OpenPlane[66019:1fd4bc] [com.yalpani.openplane:navigation] arrow phase=after timestamp=110167.053824 type=10 code=125 modifiers=10486016 repeat=false index=1 cameraY=-1944.587002 targetY=-1593.5
2026-09-07 13:57:03.851 Df OpenPlane[66019:1fd4bc] [com.yalpani.openplane:navigation] arrow phase=release timestamp=110167.179687 type=11 code=125 modifiers=10486016 repeat=false index=1 cameraY=-1682.957743 targetY=-1593.5
2026-09-07 13:57:04.079 Df OpenPlane[66019:1fd4bc] [com.yalpani.openplane:navigation] arrow phase=before timestamp=110167.404353 type=10 code=125 modifiers=10486016 repeat=false index=1 cameraY=-1593.500000 targetY=-1593.5
2026-09-07 13:57:04.085 Df OpenPlane[66019:1fd4bc] [com.yalpani.openplane:navigation] arrow phase=after timestamp=110167.404353 type=10 code=125 modifiers=10486016 repeat=false index=2 cameraY=-1595.107168 targetY=-2684.5
2026-09-07 13:57:04.131 Df OpenPlane[66019:1fd4bc] [com.yalpani.openplane:navigation] arrow phase=release timestamp=110167.460083 type=11 code=125 modifiers=10486016 repeat=false index=2 cameraY=-1800.958254 targetY=-2684.5
2026-09-07 13:57:04.254 Df OpenPlane[66019:1fd4bc] [com.yalpani.openplane:navigation] arrow phase=before timestamp=110167.581584 type=10 code=125 modifiers=10486016 repeat=false index=2 cameraY=-2680.684670 targetY=-2684.5
2026-09-07 13:57:04.259 Df OpenPlane[66019:1fd4bc] [com.yalpani.openplane:navigation] arrow phase=after timestamp=110167.581584 type=10 code=125 modifiers=10486016 repeat=false index=3 cameraY=-2682.323528 targetY=-3775.5
2026-09-07 13:57:04.293 Df OpenPlane[66019:1fd4bc] [com.yalpani.openplane:navigation] arrow phase=release timestamp=110167.621344 type=11 code=125 modifiers=10486016 repeat=false index=3 cameraY=-2798.846851 targetY=-3775.5
2026-09-07 13:57:04.391 Df OpenPlane[66019:1fd4bc] [com.yalpani.openplane:navigation] arrow phase=before timestamp=110167.716570 type=10 code=125 modifiers=10486016 repeat=false index=3 cameraY=-3606.616172 targetY=-3775.5
2026-09-07 13:57:04.397 Df OpenPlane[66019:1fd4bc] [com.yalpani.openplane:navigation] arrow phase=after timestamp=110167.716570 type=10 code=125 modifiers=10486016 repeat=false index=4 cameraY=-3611.398856 targetY=-4866.5
2026-09-07 13:57:04.459 Df OpenPlane[66019:1fd4bc] [com.yalpani.openplane:navigation] arrow phase=release timestamp=110167.787850 type=11 code=125 modifiers=10486016 repeat=false index=4 cameraY=-3993.328012 targetY=-4866.5
2026-09-07 13:57:04.533 Df OpenPlane[66019:1fd4bc] [com.yalpani.openplane:navigation] arrow phase=before timestamp=110167.857528 type=10 code=125 modifiers=10486016 repeat=false index=4 cameraY=-4708.139491 targetY=-4866.5
2026-09-07 13:57:04.538 Df OpenPlane[66019:1fd4bc] [com.yalpani.openplane:navigation] arrow phase=after timestamp=110167.857528 type=10 code=125 modifiers=10486016 repeat=false index=5 cameraY=-4713.445109 targetY=-5935.5
2026-09-07 13:57:04.604 Df OpenPlane[66019:1fd4bc] [com.yalpani.openplane:navigation] arrow phase=release timestamp=110167.930599 type=11 code=125 modifiers=10486016 repeat=false index=5 cameraY=-5114.202663 targetY=-5935.5
2026-09-07 13:57:04.654 Df OpenPlane[66019:1fd4bc] [com.yalpani.openplane:navigation] arrow phase=before timestamp=110167.981494 type=10 code=125 modifiers=10486016 repeat=false index=5 cameraY=-5613.731542 targetY=-5935.5
2026-09-07 13:57:04.659 Df OpenPlane[66019:1fd4bc] [com.yalpani.openplane:navigation] arrow phase=after timestamp=110167.981494 type=10 code=125 modifiers=10486016 repeat=false index=6 cameraY=-5621.123304 targetY=-6848.227765726681
2026-09-07 13:57:04.751 Df OpenPlane[66019:1fd4bc] [com.yalpani.openplane:navigation] arrow phase=release timestamp=110168.079362 type=11 code=125 modifiers=10486016 repeat=false index=6 cameraY=-6280.528277 targetY=-6848.227765726681
2026-09-07 13:57:05.015 Df OpenPlane[66019:1fd4bc] [com.yalpani.openplane:navigation] arrow phase=before timestamp=110168.339891 type=10 code=125 modifiers=10486016 repeat=false index=6 cameraY=-6848.227766 targetY=-6848.227765726681
2026-09-07 13:57:05.020 Df OpenPlane[66019:1fd4bc] [com.yalpani.openplane:navigation] arrow phase=after timestamp=110168.339891 type=10 code=125 modifiers=10486016 repeat=false index=7 cameraY=-6849.484915 targetY=-7786.455531453363
2026-09-07 13:57:05.176 Df OpenPlane[66019:1fd4bc] [com.yalpani.openplane:navigation] arrow phase=release timestamp=110168.504800 type=11 code=125 modifiers=10486016 repeat=false index=7 cameraY=-7753.590155 targetY=-7786.455531453363
2026-09-07 13:57:06.157 Df OpenPlane[66019:1fd4bc] [com.yalpani.openplane:navigation] arrow phase=before timestamp=110169.482305 type=10 code=126 modifiers=10486016 repeat=false index=7 cameraY=-7786.455531 targetY=-7786.455531453363
2026-09-07 13:57:06.163 Df OpenPlane[66019:1fd4bc] [com.yalpani.openplane:navigation] arrow phase=after timestamp=110169.482305 type=10 code=126 modifiers=10486016 repeat=false index=6 cameraY=-7785.174792 targetY=-6848.227765726681
2026-09-07 13:57:06.262 Df OpenPlane[66019:1fd4bc] [com.yalpani.openplane:navigation] arrow phase=release timestamp=110169.590267 type=11 code=126 modifiers=10486016 repeat=false index=6 cameraY=-7216.073889 targetY=-6848.227765726681
2026-09-07 13:57:06.337 Df OpenPlane[66019:1fd4bc] [com.yalpani.openplane:navigation] arrow phase=before timestamp=110169.663700 type=10 code=126 modifiers=10486016 repeat=false index=6 cameraY=-6848.564740 targetY=-6848.227765726681
2026-09-07 13:57:06.342 Df OpenPlane[66019:1fd4bc] [com.yalpani.openplane:navigation] arrow phase=after timestamp=110169.663700 type=10 code=126 modifiers=10486016 repeat=false index=5 cameraY=-6847.644860 targetY=-5935.5
2026-09-07 13:57:06.409 Df OpenPlane[66019:1fd4bc] [com.yalpani.openplane:navigation] arrow phase=release timestamp=110169.737749 type=11 code=126 modifiers=10486016 repeat=false index=5 cameraY=-6540.578191 targetY=-5935.5
2026-09-07 13:57:06.475 Df OpenPlane[66019:1fd4bc] [com.yalpani.openplane:navigation] arrow phase=before timestamp=110169.800600 type=10 code=126 modifiers=10486016 repeat=false index=5 cameraY=-6072.750397 targetY=-5935.5
2026-09-07 13:57:06.480 Df OpenPlane[66019:1fd4bc] [com.yalpani.openplane:navigation] arrow phase=after timestamp=110169.800600 type=10 code=126 modifiers=10486016 repeat=false index=4 cameraY=-6067.914304 targetY=-4866.5
2026-09-07 13:57:06.534 Df OpenPlane[66019:1fd4bc] [com.yalpani.openplane:navigation] arrow phase=release timestamp=110169.863357 type=11 code=126 modifiers=10486016 repeat=false index=4 cameraY=-5771.612877 targetY=-4866.5
2026-09-07 13:57:06.629 Df OpenPlane[66019:1fd4bc] [com.yalpani.openplane:navigation] arrow phase=before timestamp=110169.949479 type=10 code=126 modifiers=10486016 repeat=false index=4 cameraY=-4940.950961 targetY=-4866.5
2026-09-07 13:57:06.634 Df OpenPlane[66019:1fd4bc] [com.yalpani.openplane:navigation] arrow phase=after timestamp=110169.949479 type=10 code=126 modifiers=10486016 repeat=false index=3 cameraY=-4936.005531 targetY=-3775.5
2026-09-07 13:57:06.668 Df OpenPlane[66019:1fd4bc] [com.yalpani.openplane:navigation] arrow phase=release timestamp=110169.996649 type=11 code=126 modifiers=10486016 repeat=false index=3 cameraY=-4810.839776 targetY=-3775.5
2026-09-07 13:57:06.779 Df OpenPlane[66019:1fd4bc] [com.yalpani.openplane:navigation] arrow phase=before timestamp=110170.104948 type=10 code=126 modifiers=10486016 repeat=false index=3 cameraY=-3873.560970 targetY=-3775.5
2026-09-07 13:57:06.785 Df OpenPlane[66019:1fd4bc] [com.yalpani.openplane:navigation] arrow phase=after timestamp=110170.104948 type=10 code=126 modifiers=10486016 repeat=false index=2 cameraY=-3865.157704 targetY=-2684.5
2026-09-07 13:57:06.801 Df OpenPlane[66019:1fd4bc] [com.yalpani.openplane:navigation] arrow phase=release timestamp=110170.129918 type=11 code=126 modifiers=10486016 repeat=false index=2 cameraY=-3828.449829 targetY=-2684.5
2026-09-07 13:57:06.912 Df OpenPlane[66019:1fd4bc] [com.yalpani.openplane:navigation] arrow phase=before timestamp=110170.238026 type=10 code=126 modifiers=10486016 repeat=false index=2 cameraY=-2904.674629 targetY=-2684.5
2026-09-07 13:57:06.917 Df OpenPlane[66019:1fd4bc] [com.yalpani.openplane:navigation] arrow phase=after timestamp=110170.238026 type=10 code=126 modifiers=10486016 repeat=false index=1 cameraY=-2898.457110 targetY=-1593.5
2026-09-07 13:57:06.932 Df OpenPlane[66019:1fd4bc] [com.yalpani.openplane:navigation] arrow phase=release timestamp=110170.257598 type=11 code=126 modifiers=10486016 repeat=false index=1 cameraY=-2861.056682 targetY=-1593.5
2026-09-07 13:57:07.037 Df OpenPlane[66019:1fd4bc] [com.yalpani.openplane:navigation] arrow phase=before timestamp=110170.363574 type=10 code=126 modifiers=10486016 repeat=false index=1 cameraY=-1902.026061 targetY=-1593.5
2026-09-07 13:57:07.042 Df OpenPlane[66019:1fd4bc] [com.yalpani.openplane:navigation] arrow phase=after timestamp=110170.363574 type=10 code=126 modifiers=10486016 repeat=false index=0 cameraY=-1894.408371 targetY=-499.0
2026-09-07 13:57:07.079 Df OpenPlane[66019:1fd4bc] [com.yalpani.openplane:navigation] arrow phase=release timestamp=110170.407714 type=11 code=126 modifiers=10486016 repeat=false index=0 cameraY=-1716.368501 targetY=-499.0
2026-09-07 13:57:07.167 Df OpenPlane[66019:1fd4bc] [com.yalpani.openplane:navigation] arrow phase=before timestamp=110170.492512 type=10 code=126 modifiers=10486016 repeat=false index=0 cameraY=-780.411887 targetY=-499.0
2026-09-07 13:57:07.167 Df OpenPlane[66019:1fd4bc] [com.yalpani.openplane:navigation] arrow phase=after timestamp=110170.492512 type=10 code=126 modifiers=10486016 repeat=false index=0 cameraY=-777.277671 targetY=-499.0
2026-09-07 13:57:07.300 Df OpenPlane[66019:1fd4bc] [com.yalpani.openplane:navigation] arrow phase=release timestamp=110170.625619 type=11 code=126 modifiers=10486016 repeat=false index=0 cameraY=-499.000000 targetY=-499.0
2026-09-07 13:57:09.154 Df OpenPlane[66019:1fd4bc] [com.yalpani.openplane:navigation] arrow phase=before timestamp=110172.478857 type=10 code=125 modifiers=10486016 repeat=false index=0 cameraY=-499.000000 targetY=-499.0
2026-09-07 13:57:09.158 Df OpenPlane[66019:1fd4bc] [com.yalpani.openplane:navigation] arrow phase=after timestamp=110172.478857 type=10 code=125 modifiers=10486016 repeat=false index=1 cameraY=-500.039512 targetY=-1593.5
2026-09-07 13:57:09.210 Df OpenPlane[66019:1fd4bc] [com.yalpani.openplane:navigation] arrow phase=release timestamp=110172.538465 type=11 code=125 modifiers=10486016 repeat=false index=1 cameraY=-740.818903 targetY=-1593.5
2026-09-07 13:57:09.258 Df OpenPlane[66019:1fd4bc] [com.yalpani.openplane:navigation] arrow phase=before timestamp=110172.583457 type=10 code=125 modifiers=10486016 repeat=false index=1 cameraY=-1165.213833 targetY=-1593.5
2026-09-07 13:57:09.263 Df OpenPlane[66019:1fd4bc] [com.yalpani.openplane:navigation] arrow phase=after timestamp=110172.583457 type=10 code=125 modifiers=10486016 repeat=false index=2 cameraY=-1172.243036 targetY=-2684.5
2026-09-07 13:57:09.678 Df OpenPlane[66019:1fd4bc] [com.yalpani.openplane:navigation] arrow phase=before timestamp=110173.001208 type=10 code=125 modifiers=10486016 repeat=true index=2 cameraY=-2684.500000 targetY=-2684.5
2026-09-07 13:57:09.681 Df OpenPlane[66019:1fd4bc] [com.yalpani.openplane:navigation] arrow phase=after timestamp=110173.001208 type=10 code=125 modifiers=10486016 repeat=true index=3 cameraY=-2684.775618 targetY=-3775.5
2026-09-07 13:57:09.712 Df OpenPlane[66019:1fd4bc] [com.yalpani.openplane:navigation] arrow phase=before timestamp=110173.034715 type=10 code=125 modifiers=10486016 repeat=true index=3 cameraY=-2778.623918 targetY=-3775.5
2026-09-07 13:57:09.714 Df OpenPlane[66019:1fd4bc] [com.yalpani.openplane:navigation] arrow phase=after timestamp=110173.034715 type=10 code=125 modifiers=10486016 repeat=true index=4 cameraY=-2779.963094 targetY=-4866.5
2026-09-07 13:57:09.745 Df OpenPlane[66019:1fd4bc] [com.yalpani.openplane:navigation] arrow phase=before timestamp=110173.071680 type=10 code=125 modifiers=10486016 repeat=true index=4 cameraY=-2961.070835 targetY=-4866.5
2026-09-07 13:57:09.748 Df OpenPlane[66019:1fd4bc] [com.yalpani.openplane:navigation] arrow phase=after timestamp=110173.071680 type=10 code=125 modifiers=10486016 repeat=true index=5 cameraY=-2964.447755 targetY=-5935.5
2026-09-07 13:57:09.778 Df OpenPlane[66019:1fd4bc] [com.yalpani.openplane:navigation] arrow phase=before timestamp=110173.104751 type=10 code=125 modifiers=10486016 repeat=true index=5 cameraY=-3218.256855 targetY=-5935.5
2026-09-07 13:57:09.781 Df OpenPlane[66019:1fd4bc] [com.yalpani.openplane:navigation] arrow phase=after timestamp=110173.104751 type=10 code=125 modifiers=10486016 repeat=true index=6 cameraY=-3223.373966 targetY=-6848.227765726681
2026-09-07 13:57:09.812 Df OpenPlane[66019:1fd4bc] [com.yalpani.openplane:navigation] arrow phase=before timestamp=110173.138012 type=10 code=125 modifiers=10486016 repeat=true index=6 cameraY=-3533.748843 targetY=-6848.227765726681
2026-09-07 13:57:09.817 Df OpenPlane[66019:1fd4bc] [com.yalpani.openplane:navigation] arrow phase=after timestamp=110173.138012 type=10 code=125 modifiers=10486016 repeat=true index=7 cameraY=-3553.202286 targetY=-7786.455531453363
2026-09-07 13:57:09.845 Df OpenPlane[66019:1fd4bc] [com.yalpani.openplane:navigation] arrow phase=before timestamp=110173.171414 type=10 code=125 modifiers=10486016 repeat=true index=7 cameraY=-3896.716492 targetY=-7786.455531453363
2026-09-07 13:57:09.855 Df OpenPlane[66019:1fd4bc] [com.yalpani.openplane:navigation] arrow phase=after timestamp=110173.171414 type=10 code=125 modifiers=10486016 repeat=true index=-1 cameraY=-3926.296147 targetY=-8515.455531453363
2026-09-07 13:57:09.879 Df OpenPlane[66019:1fd4bc] [com.yalpani.openplane:navigation] arrow phase=before timestamp=110173.204847 type=10 code=125 modifiers=10486016 repeat=true index=-1 cameraY=-4225.814925 targetY=-8515.455531453363
2026-09-07 13:57:09.879 Df OpenPlane[66019:1fd4bc] [com.yalpani.openplane:navigation] arrow phase=after timestamp=110173.204847 type=10 code=125 modifiers=10486016 repeat=true index=-1 cameraY=-4233.600310 targetY=-8515.455531453363
2026-09-07 13:57:09.910 Df OpenPlane[66019:1fd4bc] [com.yalpani.openplane:navigation] arrow phase=before timestamp=110173.237696 type=10 code=125 modifiers=10486016 repeat=true index=-1 cameraY=-5097.752929 targetY=-8515.455531453363
2026-09-07 13:57:09.910 Df OpenPlane[66019:1fd4bc] [com.yalpani.openplane:navigation] arrow phase=after timestamp=110173.237696 type=10 code=125 modifiers=10486016 repeat=true index=-1 cameraY=-5109.501584 targetY=-8515.455531453363
2026-09-07 13:57:09.943 Df OpenPlane[66019:1fd4bc] [com.yalpani.openplane:navigation] arrow phase=before timestamp=110173.270959 type=10 code=125 modifiers=10486016 repeat=true index=-1 cameraY=-6322.338012 targetY=-8515.455531453363
2026-09-07 13:57:09.943 Df OpenPlane[66019:1fd4bc] [com.yalpani.openplane:navigation] arrow phase=after timestamp=110173.270959 type=10 code=125 modifiers=10486016 repeat=true index=-1 cameraY=-6336.320194 targetY=-8515.455531453363
2026-09-07 13:57:09.976 Df OpenPlane[66019:1fd4bc] [com.yalpani.openplane:navigation] arrow phase=before timestamp=110173.304204 type=10 code=125 modifiers=10486016 repeat=true index=-1 cameraY=-7529.885339 targetY=-8515.455531453363
2026-09-07 13:57:09.977 Df OpenPlane[66019:1fd4bc] [com.yalpani.openplane:navigation] arrow phase=after timestamp=110173.304204 type=10 code=125 modifiers=10486016 repeat=true index=-1 cameraY=-7541.052943 targetY=-8515.455531453363
2026-09-07 13:57:10.010 Df OpenPlane[66019:1fd4bc] [com.yalpani.openplane:navigation] arrow phase=before timestamp=110173.337375 type=10 code=125 modifiers=10486016 repeat=true index=-1 cameraY=-8349.819519 targetY=-8515.455531453363
2026-09-07 13:57:10.010 Df OpenPlane[66019:1fd4bc] [com.yalpani.openplane:navigation] arrow phase=after timestamp=110173.337375 type=10 code=125 modifiers=10486016 repeat=true index=-1 cameraY=-8355.040472 targetY=-8515.455531453363
2026-09-07 13:57:10.045 Df OpenPlane[66019:1fd4bc] [com.yalpani.openplane:navigation] arrow phase=before timestamp=110173.370645 type=10 code=125 modifiers=10486016 repeat=true index=-1 cameraY=-8515.455531 targetY=-8515.455531453363
2026-09-07 13:57:10.046 Df OpenPlane[66019:1fd4bc] [com.yalpani.openplane:navigation] arrow phase=after timestamp=110173.370645 type=10 code=125 modifiers=10486016 repeat=true index=-1 cameraY=-8515.455531 targetY=-8515.455531453363
2026-09-07 13:57:10.075 Df OpenPlane[66019:1fd4bc] [com.yalpani.openplane:navigation] arrow phase=before timestamp=110173.402142 type=10 code=125 modifiers=10486016 repeat=true index=-1 cameraY=-8515.455531 targetY=-8515.455531453363
2026-09-07 13:57:10.075 Df OpenPlane[66019:1fd4bc] [com.yalpani.openplane:navigation] arrow phase=after timestamp=110173.402142 type=10 code=125 modifiers=10486016 repeat=true index=-1 cameraY=-8515.455531 targetY=-8515.455531453363
2026-09-07 13:57:10.103 Df OpenPlane[66019:1fd4bc] [com.yalpani.openplane:navigation] arrow phase=release timestamp=110173.431594 type=11 code=125 modifiers=10486016 repeat=false index=-1 cameraY=-8515.455531 targetY=-8515.455531453363
2026-09-07 13:57:10.740 Df OpenPlane[66019:1fd4bc] [com.yalpani.openplane:navigation] arrow phase=before timestamp=110174.066646 type=10 code=126 modifiers=10486016 repeat=false index=-1 cameraY=-8515.455531 targetY=-8515.455531453363
2026-09-07 13:57:10.742 Df OpenPlane[66019:1fd4bc] [com.yalpani.openplane:navigation] arrow phase=after timestamp=110174.066646 type=10 code=126 modifiers=10486016 repeat=false index=7 cameraY=-8515.273290 targetY=-7786.455531453363
2026-09-07 13:57:10.879 Df OpenPlane[66019:1fd4bc] [com.yalpani.openplane:navigation] arrow phase=release timestamp=110174.206705 type=11 code=126 modifiers=10486016 repeat=false index=7 cameraY=-7885.777121 targetY=-7786.455531453363
2026-09-07 13:57:11.385 Df OpenPlane[66019:1fd4bc] [com.yalpani.openplane:navigation] arrow phase=before timestamp=110174.711694 type=10 code=126 modifiers=10486016 repeat=false index=7 cameraY=-7786.455531 targetY=-7786.455531453363
2026-09-07 13:57:11.391 Df OpenPlane[66019:1fd4bc] [com.yalpani.openplane:navigation] arrow phase=after timestamp=110174.711694 type=10 code=126 modifiers=10486016 repeat=false index=6 cameraY=-7785.169197 targetY=-6848.227765726681
2026-09-07 13:57:11.803 Df OpenPlane[66019:1fd4bc] [com.yalpani.openplane:navigation] arrow phase=before timestamp=110175.128958 type=10 code=126 modifiers=10551552 repeat=true index=6 cameraY=-6848.227766 targetY=-6848.227765726681
2026-09-07 13:57:11.806 Df OpenPlane[66019:1fd4bc] [com.yalpani.openplane:navigation] arrow phase=after timestamp=110175.128958 type=10 code=126 modifiers=10551552 repeat=true index=5 cameraY=-6848.033672 targetY=-5935.5
2026-09-07 13:57:11.837 Df OpenPlane[66019:1fd4bc] [com.yalpani.openplane:navigation] arrow phase=before timestamp=110175.164014 type=10 code=126 modifiers=10551552 repeat=true index=5 cameraY=-6769.466851 targetY=-5935.5
2026-09-07 13:57:11.839 Df OpenPlane[66019:1fd4bc] [com.yalpani.openplane:navigation] arrow phase=after timestamp=110175.164014 type=10 code=126 modifiers=10551552 repeat=true index=4 cameraY=-6767.546792 targetY=-4866.5
2026-09-07 13:57:11.851 Df OpenPlane[66019:1fd4bc] [com.yalpani.openplane:navigation] arrow phase=release timestamp=110175.180237 type=11 code=126 modifiers=10551552 repeat=false index=4 cameraY=-6737.213875 targetY=-4866.5
2026-09-07 13:57:13.972 Df OpenPlane[66019:1fd4bc] [com.yalpani.openplane:navigation] arrow phase=before timestamp=110177.299618 type=10 code=126 modifiers=10617090 repeat=false index=4 cameraY=-4866.500000 targetY=-4866.5
2026-09-07 13:57:13.973 Df OpenPlane[66019:1fd4bc] [com.yalpani.openplane:navigation] arrow phase=after timestamp=110177.299618 type=10 code=126 modifiers=10617090 repeat=false index=4 cameraY=-4866.500000 targetY=-4866.5
2026-09-07 13:57:14.396 Df OpenPlane[66019:1fd4bc] [com.yalpani.openplane:navigation] arrow phase=before timestamp=110177.716445 type=10 code=126 modifiers=10617090 repeat=true index=4 cameraY=-4866.500000 targetY=-4866.5
2026-09-07 13:57:14.396 Df OpenPlane[66019:1fd4bc] [com.yalpani.openplane:navigation] arrow phase=after timestamp=110177.716445 type=10 code=126 modifiers=10617090 repeat=true index=4 cameraY=-4866.500000 targetY=-4866.5
2026-09-07 13:57:14.429 Df OpenPlane[66019:1fd4bc] [com.yalpani.openplane:navigation] arrow phase=before timestamp=110177.750353 type=10 code=126 modifiers=10617090 repeat=true index=4 cameraY=-4866.500000 targetY=-4866.5
2026-09-07 13:57:14.429 Df OpenPlane[66019:1fd4bc] [com.yalpani.openplane:navigation] arrow phase=after timestamp=110177.750353 type=10 code=126 modifiers=10617090 repeat=true index=4 cameraY=-4866.500000 targetY=-4866.5
2026-09-07 13:57:14.471 Df OpenPlane[66019:1fd4bc] [com.yalpani.openplane:navigation] arrow phase=before timestamp=110177.785242 type=10 code=126 modifiers=10617090 repeat=true index=4 cameraY=-4866.500000 targetY=-4866.5
2026-09-07 13:57:14.471 Df OpenPlane[66019:1fd4bc] [com.yalpani.openplane:navigation] arrow phase=after timestamp=110177.785242 type=10 code=126 modifiers=10617090 repeat=true index=4 cameraY=-4866.500000 targetY=-4866.5
2026-09-07 13:57:14.496 Df OpenPlane[66019:1fd4bc] [com.yalpani.openplane:navigation] arrow phase=before timestamp=110177.817936 type=10 code=126 modifiers=10617090 repeat=true index=4 cameraY=-4866.500000 targetY=-4866.5
2026-09-07 13:57:14.496 Df OpenPlane[66019:1fd4bc] [com.yalpani.openplane:navigation] arrow phase=after timestamp=110177.817936 type=10 code=126 modifiers=10617090 repeat=true index=4 cameraY=-4866.500000 targetY=-4866.5
2026-09-07 13:57:14.537 Df OpenPlane[66019:1fd4bc] [com.yalpani.openplane:navigation] arrow phase=before timestamp=110177.854265 type=10 code=126 modifiers=10617090 repeat=true index=4 cameraY=-4866.500000 targetY=-4866.5
2026-09-07 13:57:14.537 Df OpenPlane[66019:1fd4bc] [com.yalpani.openplane:navigation] arrow phase=after timestamp=110177.854265 type=10 code=126 modifiers=10617090 repeat=true index=4 cameraY=-4866.500000 targetY=-4866.5
2026-09-07 13:57:14.562 Df OpenPlane[66019:1fd4bc] [com.yalpani.openplane:navigation] arrow phase=before timestamp=110177.887061 type=10 code=126 modifiers=10617090 repeat=true index=4 cameraY=-4866.500000 targetY=-4866.5
2026-09-07 13:57:14.562 Df OpenPlane[66019:1fd4bc] [com.yalpani.openplane:navigation] arrow phase=after timestamp=110177.887061 type=10 code=126 modifiers=10617090 repeat=true index=4 cameraY=-4866.500000 targetY=-4866.5
2026-09-07 13:57:14.612 Df OpenPlane[66019:1fd4bc] [com.yalpani.openplane:navigation] arrow phase=before timestamp=110177.918535 type=10 code=126 modifiers=10617090 repeat=true index=4 cameraY=-4866.500000 targetY=-4866.5
2026-09-07 13:57:14.612 Df OpenPlane[66019:1fd4bc] [com.yalpani.openplane:navigation] arrow phase=after timestamp=110177.918535 type=10 code=126 modifiers=10617090 repeat=true index=4 cameraY=-4866.500000 targetY=-4866.5
2026-09-07 13:57:14.629 Df OpenPlane[66019:1fd4bc] [com.yalpani.openplane:navigation] arrow phase=before timestamp=110177.953533 type=10 code=126 modifiers=10617090 repeat=true index=4 cameraY=-4866.500000 targetY=-4866.5
2026-09-07 13:57:14.629 Df OpenPlane[66019:1fd4bc] [com.yalpani.openplane:navigation] arrow phase=after timestamp=110177.953533 type=10 code=126 modifiers=10617090 repeat=true index=4 cameraY=-4866.500000 targetY=-4866.5
2026-09-07 13:57:14.662 Df OpenPlane[66019:1fd4bc] [com.yalpani.openplane:navigation] arrow phase=before timestamp=110177.986851 type=10 code=126 modifiers=10617090 repeat=true index=4 cameraY=-4866.500000 targetY=-4866.5
2026-09-07 13:57:14.662 Df OpenPlane[66019:1fd4bc] [com.yalpani.openplane:navigation] arrow phase=after timestamp=110177.986851 type=10 code=126 modifiers=10617090 repeat=true index=4 cameraY=-4866.500000 targetY=-4866.5
2026-09-07 13:57:14.696 Df OpenPlane[66019:1fd4bc] [com.yalpani.openplane:navigation] arrow phase=release timestamp=110178.020527 type=11 code=126 modifiers=10617090 repeat=false index=4 cameraY=-4866.500000 targetY=-4866.5
2026-09-07 13:57:15.134 Df OpenPlane[66019:1fd4bc] [com.yalpani.openplane:navigation] arrow phase=before timestamp=110178.455492 type=10 code=126 modifiers=10617090 repeat=false index=4 cameraY=-4866.500000 targetY=-4866.5
2026-09-07 13:57:15.134 Df OpenPlane[66019:1fd4bc] [com.yalpani.openplane:navigation] arrow phase=after timestamp=110178.455492 type=10 code=126 modifiers=10617090 repeat=false index=4 cameraY=-4866.500000 targetY=-4866.5
2026-09-07 13:57:15.229 Df OpenPlane[66019:1fd4bc] [com.yalpani.openplane:navigation] arrow phase=release timestamp=110178.551326 type=11 code=126 modifiers=10617090 repeat=false index=4 cameraY=-4866.500000 targetY=-4866.5
2026-09-07 13:57:15.429 Df OpenPlane[66019:1fd4bc] [com.yalpani.openplane:navigation] arrow phase=before timestamp=110178.755550 type=10 code=126 modifiers=10617090 repeat=false index=4 cameraY=-4866.500000 targetY=-4866.5
2026-09-07 13:57:15.429 Df OpenPlane[66019:1fd4bc] [com.yalpani.openplane:navigation] arrow phase=after timestamp=110178.755550 type=10 code=126 modifiers=10617090 repeat=false index=4 cameraY=-4866.500000 targetY=-4866.5
2026-09-07 13:57:15.529 Df OpenPlane[66019:1fd4bc] [com.yalpani.openplane:navigation] arrow phase=release timestamp=110178.855300 type=11 code=126 modifiers=10617090 repeat=false index=4 cameraY=-4866.500000 targetY=-4866.5
2026-09-07 13:57:16.174 Df OpenPlane[66019:1fd4bc] [com.yalpani.openplane:navigation] arrow phase=before timestamp=110179.501542 type=10 code=126 modifiers=10486016 repeat=false index=4 cameraY=-4866.500000 targetY=-4866.5
2026-09-07 13:57:16.179 Df OpenPlane[66019:1fd4bc] [com.yalpani.openplane:navigation] arrow phase=after timestamp=110179.501542 type=10 code=126 modifiers=10486016 repeat=false index=3 cameraY=-4865.331690 targetY=-3775.5
2026-09-07 13:57:16.209 Df OpenPlane[66019:1fd4bc] [com.yalpani.openplane:navigation] arrow phase=release timestamp=110179.533573 type=11 code=126 modifiers=10486016 repeat=false index=3 cameraY=-4769.431743 targetY=-3775.5
2026-09-07 13:57:16.321 Df OpenPlane[66019:1fd4bc] [com.yalpani.openplane:navigation] arrow phase=before timestamp=110179.647392 type=10 code=126 modifiers=10486016 repeat=false index=3 cameraY=-3882.825416 targetY=-3775.5
2026-09-07 13:57:16.325 Df OpenPlane[66019:1fd4bc] [com.yalpani.openplane:navigation] arrow phase=after timestamp=110179.647392 type=10 code=126 modifiers=10486016 repeat=false index=2 cameraY=-3877.805956 targetY=-2684.5
2026-09-07 13:57:16.362 Df OpenPlane[66019:1fd4bc] [com.yalpani.openplane:navigation] arrow phase=release timestamp=110179.687706 type=11 code=126 modifiers=10486016 repeat=false index=2 cameraY=-3728.092849 targetY=-2684.5
2026-09-07 13:57:16.462 Df OpenPlane[66019:1fd4bc] [com.yalpani.openplane:navigation] arrow phase=before timestamp=110179.787804 type=10 code=126 modifiers=10486016 repeat=false index=2 cameraY=-2835.483037 targetY=-2684.5
2026-09-07 13:57:16.467 Df OpenPlane[66019:1fd4bc] [com.yalpani.openplane:navigation] arrow phase=after timestamp=110179.787804 type=10 code=126 modifiers=10486016 repeat=false index=1 cameraY=-2830.117932 targetY=-1593.5
2026-09-07 13:57:16.504 Df OpenPlane[66019:1fd4bc] [com.yalpani.openplane:navigation] arrow phase=release timestamp=110179.829483 type=11 code=126 modifiers=10486016 repeat=false index=1 cameraY=-2675.110679 targetY=-1593.5
2026-09-07 13:57:16.604 Df OpenPlane[66019:1fd4bc] [com.yalpani.openplane:navigation] arrow phase=before timestamp=110179.929604 type=10 code=126 modifiers=10486016 repeat=false index=1 cameraY=-1749.675499 targetY=-1593.5
2026-09-07 13:57:16.609 Df OpenPlane[66019:1fd4bc] [com.yalpani.openplane:navigation] arrow phase=after timestamp=110179.929604 type=10 code=126 modifiers=10486016 repeat=false index=0 cameraY=-1744.593704 targetY=-499.0
2026-09-07 13:57:16.651 Df OpenPlane[66019:1fd4bc] [com.yalpani.openplane:navigation] arrow phase=release timestamp=110179.975553 type=11 code=126 modifiers=10486016 repeat=false index=0 cameraY=-1549.305277 targetY=-499.0
2026-09-07 13:57:16.734 Df OpenPlane[66019:1fd4bc] [com.yalpani.openplane:navigation] arrow phase=before timestamp=110180.058409 type=10 code=126 modifiers=10486016 repeat=false index=0 cameraY=-750.642784 targetY=-499.0
2026-09-07 13:57:16.734 Df OpenPlane[66019:1fd4bc] [com.yalpani.openplane:navigation] arrow phase=after timestamp=110180.058409 type=10 code=126 modifiers=10486016 repeat=false index=0 cameraY=-747.787098 targetY=-499.0
2026-09-07 13:57:16.818 Df OpenPlane[66019:1fd4bc] [com.yalpani.openplane:navigation] arrow phase=release timestamp=110180.142982 type=11 code=126 modifiers=10486016 repeat=false index=0 cameraY=-499.000000 targetY=-499.0
2026-09-07 13:57:19.687 Df OpenPlane[66019:1fd4bc] [com.yalpani.openplane:navigation] arrow phase=before timestamp=110183.013107 type=10 code=125 modifiers=10486016 repeat=false index=0 cameraY=-499.000000 targetY=-499.0
2026-09-07 13:57:19.692 Df OpenPlane[66019:1fd4bc] [com.yalpani.openplane:navigation] arrow phase=after timestamp=110183.013107 type=10 code=125 modifiers=10486016 repeat=false index=1 cameraY=-499.864010 targetY=-1593.5
2026-09-07 13:57:19.779 Df OpenPlane[66019:1fd4bc] [com.yalpani.openplane:navigation] arrow phase=release timestamp=110183.104663 type=11 code=125 modifiers=10486016 repeat=false index=1 cameraY=-1050.904615 targetY=-1593.5
2026-09-07 13:57:19.809 Df OpenPlane[66019:1fd4bc] [com.yalpani.openplane:navigation] arrow phase=before timestamp=110183.133366 type=10 code=125 modifiers=10486016 repeat=false index=1 cameraY=-1315.041869 targetY=-1593.5
2026-09-07 13:57:19.815 Df OpenPlane[66019:1fd4bc] [com.yalpani.openplane:navigation] arrow phase=after timestamp=110183.133366 type=10 code=125 modifiers=10486016 repeat=false index=2 cameraY=-1324.045127 targetY=-2684.5
2026-09-07 13:57:19.901 Df OpenPlane[66019:1fd4bc] [com.yalpani.openplane:navigation] arrow phase=release timestamp=110183.225672 type=11 code=125 modifiers=10486016 repeat=false index=2 cameraY=-1996.131117 targetY=-2684.5
2026-09-07 13:57:19.943 Df OpenPlane[66019:1fd4bc] [com.yalpani.openplane:navigation] arrow phase=before timestamp=110183.264585 type=10 code=125 modifiers=10486016 repeat=false index=2 cameraY=-2438.502011 targetY=-2684.5
2026-09-07 13:57:19.948 Df OpenPlane[66019:1fd4bc] [com.yalpani.openplane:navigation] arrow phase=after timestamp=110183.264585 type=10 code=125 modifiers=10486016 repeat=false index=3 cameraY=-2445.875145 targetY=-3775.5
2026-09-07 13:57:20.029 Df OpenPlane[66019:1fd4bc] [com.yalpani.openplane:navigation] arrow phase=release timestamp=110183.356735 type=11 code=125 modifiers=10486016 repeat=false index=3 cameraY=-3051.043667 targetY=-3775.5
2026-09-07 13:57:20.079 Df OpenPlane[66019:1fd4bc] [com.yalpani.openplane:navigation] arrow phase=before timestamp=110183.404519 type=10 code=125 modifiers=10486016 repeat=false index=3 cameraY=-3564.649196 targetY=-3775.5
2026-09-07 13:57:20.084 Df OpenPlane[66019:1fd4bc] [com.yalpani.openplane:navigation] arrow phase=after timestamp=110183.404519 type=10 code=125 modifiers=10486016 repeat=false index=4 cameraY=-3570.505343 targetY=-4866.5
2026-09-07 13:57:20.204 Df OpenPlane[66019:1fd4bc] [com.yalpani.openplane:navigation] arrow phase=release timestamp=110183.529504 type=11 code=125 modifiers=10486016 repeat=false index=4 cameraY=-4560.771068 targetY=-4866.5
2026-09-07 13:57:21.342 Df OpenPlane[66019:1fd4bc] [com.yalpani.openplane:navigation] arrow phase=before timestamp=110184.667692 type=10 code=126 modifiers=10486016 repeat=false index=4 cameraY=-4866.500000 targetY=-4866.5
2026-09-07 13:57:21.346 Df OpenPlane[66019:1fd4bc] [com.yalpani.openplane:navigation] arrow phase=after timestamp=110184.667692 type=10 code=126 modifiers=10486016 repeat=false index=3 cameraY=-4865.493146 targetY=-3775.5
2026-09-07 13:57:21.425 Df OpenPlane[66019:1fd4bc] [com.yalpani.openplane:navigation] arrow phase=release timestamp=110184.745507 type=11 code=126 modifiers=10486016 repeat=false index=3 cameraY=-4395.476861 targetY=-3775.5
2026-09-07 13:57:21.533 Df OpenPlane[66019:1fd4bc] [com.yalpani.openplane:navigation] arrow phase=before timestamp=110184.854765 type=10 code=126 modifiers=10486016 repeat=false index=3 cameraY=-3775.500000 targetY=-3775.5
2026-09-07 13:57:21.538 Df OpenPlane[66019:1fd4bc] [com.yalpani.openplane:navigation] arrow phase=after timestamp=110184.854765 type=10 code=126 modifiers=10486016 repeat=false index=2 cameraY=-3774.340999 targetY=-2684.5
2026-09-07 13:57:21.645 Df OpenPlane[66019:1fd4bc] [com.yalpani.openplane:navigation] arrow phase=release timestamp=110184.970730 type=11 code=126 modifiers=10486016 repeat=false index=2 cameraY=-3049.247995 targetY=-2684.5
2026-09-07 13:57:21.775 Df OpenPlane[66019:1fd4bc] [com.yalpani.openplane:navigation] arrow phase=before timestamp=110185.100812 type=10 code=126 modifiers=10486016 repeat=false index=2 cameraY=-2684.500000 targetY=-2684.5
2026-09-07 13:57:21.780 Df OpenPlane[66019:1fd4bc] [com.yalpani.openplane:navigation] arrow phase=after timestamp=110185.100812 type=10 code=126 modifiers=10486016 repeat=false index=1 cameraY=-2683.303915 targetY=-1593.5
2026-09-07 13:57:21.878 Df OpenPlane[66019:1fd4bc] [com.yalpani.openplane:navigation] arrow phase=release timestamp=110185.204524 type=11 code=126 modifiers=10486016 repeat=false index=1 cameraY=-2032.010289 targetY=-1593.5
2026-09-07 13:57:23.944 Df OpenPlane[66019:1fd4bc] [com.yalpani.openplane:navigation] arrow phase=before timestamp=110187.269282 type=10 code=126 modifiers=10617090 repeat=false index=1 cameraY=-1593.500000 targetY=-1593.5
2026-09-07 13:57:23.944 Df OpenPlane[66019:1fd4bc] [com.yalpani.openplane:navigation] arrow phase=after timestamp=110187.269282 type=10 code=126 modifiers=10617090 repeat=false index=1 cameraY=-1593.500000 targetY=-1593.5
2026-09-07 13:57:24.275 Df OpenPlane[66019:1fd4bc] [com.yalpani.openplane:navigation] arrow phase=release timestamp=110187.601509 type=11 code=126 modifiers=10617090 repeat=false index=1 cameraY=-1593.500000 targetY=-1593.5
2026-09-07 13:57:24.408 Df OpenPlane[66019:1fd4bc] [com.yalpani.openplane:navigation] arrow phase=before timestamp=110187.728674 type=10 code=125 modifiers=10617090 repeat=false index=1 cameraY=-1593.500000 targetY=-1593.5
2026-09-07 13:57:24.408 Df OpenPlane[66019:1fd4bc] [com.yalpani.openplane:navigation] arrow phase=after timestamp=110187.728674 type=10 code=125 modifiers=10617090 repeat=false index=1 cameraY=-1593.500000 targetY=-1593.5
2026-09-07 13:57:24.825 Df OpenPlane[66019:1fd4bc] [com.yalpani.openplane:navigation] arrow phase=before timestamp=110188.145488 type=10 code=125 modifiers=10617090 repeat=true index=1 cameraY=-1593.500000 targetY=-1593.5
2026-09-07 13:57:24.825 Df OpenPlane[66019:1fd4bc] [com.yalpani.openplane:navigation] arrow phase=after timestamp=110188.145488 type=10 code=125 modifiers=10617090 repeat=true index=1 cameraY=-1593.500000 targetY=-1593.5
2026-09-07 13:57:24.858 Df OpenPlane[66019:1fd4bc] [com.yalpani.openplane:navigation] arrow phase=before timestamp=110188.178662 type=10 code=125 modifiers=10617090 repeat=true index=1 cameraY=-1593.500000 targetY=-1593.5
2026-09-07 13:57:24.858 Df OpenPlane[66019:1fd4bc] [com.yalpani.openplane:navigation] arrow phase=after timestamp=110188.178662 type=10 code=125 modifiers=10617090 repeat=true index=1 cameraY=-1593.500000 targetY=-1593.5
2026-09-07 13:57:24.892 Df OpenPlane[66019:1fd4bc] [com.yalpani.openplane:navigation] arrow phase=before timestamp=110188.212783 type=10 code=125 modifiers=10617090 repeat=true index=1 cameraY=-1593.500000 targetY=-1593.5
2026-09-07 13:57:24.892 Df OpenPlane[66019:1fd4bc] [com.yalpani.openplane:navigation] arrow phase=after timestamp=110188.212783 type=10 code=125 modifiers=10617090 repeat=true index=1 cameraY=-1593.500000 targetY=-1593.5
2026-09-07 13:57:24.925 Df OpenPlane[66019:1fd4bc] [com.yalpani.openplane:navigation] arrow phase=before timestamp=110188.246837 type=10 code=125 modifiers=10617090 repeat=true index=1 cameraY=-1593.500000 targetY=-1593.5
2026-09-07 13:57:24.925 Df OpenPlane[66019:1fd4bc] [com.yalpani.openplane:navigation] arrow phase=after timestamp=110188.246837 type=10 code=125 modifiers=10617090 repeat=true index=1 cameraY=-1593.500000 targetY=-1593.5
2026-09-07 13:57:24.958 Df OpenPlane[66019:1fd4bc] [com.yalpani.openplane:navigation] arrow phase=before timestamp=110188.284286 type=10 code=125 modifiers=10617090 repeat=true index=1 cameraY=-1593.500000 targetY=-1593.5
2026-09-07 13:57:24.958 Df OpenPlane[66019:1fd4bc] [com.yalpani.openplane:navigation] arrow phase=after timestamp=110188.284286 type=10 code=125 modifiers=10617090 repeat=true index=1 cameraY=-1593.500000 targetY=-1593.5
2026-09-07 13:57:24.992 Df OpenPlane[66019:1fd4bc] [com.yalpani.openplane:navigation] arrow phase=before timestamp=110188.317884 type=10 code=125 modifiers=10617090 repeat=true index=1 cameraY=-1593.500000 targetY=-1593.5
2026-09-07 13:57:24.992 Df OpenPlane[66019:1fd4bc] [com.yalpani.openplane:navigation] arrow phase=after timestamp=110188.317884 type=10 code=125 modifiers=10617090 repeat=true index=1 cameraY=-1593.500000 targetY=-1593.5
2026-09-07 13:57:25.025 Df OpenPlane[66019:1fd4bc] [com.yalpani.openplane:navigation] arrow phase=before timestamp=110188.351638 type=10 code=125 modifiers=10617090 repeat=true index=1 cameraY=-1593.500000 targetY=-1593.5
2026-09-07 13:57:25.025 Df OpenPlane[66019:1fd4bc] [com.yalpani.openplane:navigation] arrow phase=after timestamp=110188.351638 type=10 code=125 modifiers=10617090 repeat=true index=1 cameraY=-1593.500000 targetY=-1593.5
2026-09-07 13:57:25.067 Df OpenPlane[66019:1fd4bc] [com.yalpani.openplane:navigation] arrow phase=before timestamp=110188.381332 type=10 code=125 modifiers=10617090 repeat=true index=1 cameraY=-1593.500000 targetY=-1593.5
2026-09-07 13:57:25.067 Df OpenPlane[66019:1fd4bc] [com.yalpani.openplane:navigation] arrow phase=after timestamp=110188.381332 type=10 code=125 modifiers=10617090 repeat=true index=1 cameraY=-1593.500000 targetY=-1593.5
2026-09-07 13:57:25.108 Df OpenPlane[66019:1fd4bc] [com.yalpani.openplane:navigation] arrow phase=before timestamp=110188.417724 type=10 code=125 modifiers=10617090 repeat=true index=1 cameraY=-1593.500000 targetY=-1593.5
2026-09-07 13:57:25.108 Df OpenPlane[66019:1fd4bc] [com.yalpani.openplane:navigation] arrow phase=after timestamp=110188.417724 type=10 code=125 modifiers=10617090 repeat=true index=1 cameraY=-1593.500000 targetY=-1593.5
2026-09-07 13:57:25.133 Df OpenPlane[66019:1fd4bc] [com.yalpani.openplane:navigation] arrow phase=before timestamp=110188.450214 type=10 code=125 modifiers=10617090 repeat=true index=1 cameraY=-1593.500000 targetY=-1593.5
2026-09-07 13:57:25.133 Df OpenPlane[66019:1fd4bc] [com.yalpani.openplane:navigation] arrow phase=after timestamp=110188.450214 type=10 code=125 modifiers=10617090 repeat=true index=1 cameraY=-1593.500000 targetY=-1593.5
2026-09-07 13:57:25.158 Df OpenPlane[66019:1fd4bc] [com.yalpani.openplane:navigation] arrow phase=before timestamp=110188.483417 type=10 code=125 modifiers=10617090 repeat=true index=1 cameraY=-1593.500000 targetY=-1593.5
2026-09-07 13:57:25.158 Df OpenPlane[66019:1fd4bc] [com.yalpani.openplane:navigation] arrow phase=after timestamp=110188.483417 type=10 code=125 modifiers=10617090 repeat=true index=1 cameraY=-1593.500000 targetY=-1593.5
2026-09-07 13:57:25.192 Df OpenPlane[66019:1fd4bc] [com.yalpani.openplane:navigation] arrow phase=before timestamp=110188.516683 type=10 code=125 modifiers=10617090 repeat=true index=1 cameraY=-1593.500000 targetY=-1593.5
2026-09-07 13:57:25.192 Df OpenPlane[66019:1fd4bc] [com.yalpani.openplane:navigation] arrow phase=after timestamp=110188.516683 type=10 code=125 modifiers=10617090 repeat=true index=1 cameraY=-1593.500000 targetY=-1593.5
2026-09-07 13:57:25.225 Df OpenPlane[66019:1fd4bc] [com.yalpani.openplane:navigation] arrow phase=before timestamp=110188.550082 type=10 code=125 modifiers=10617090 repeat=true index=1 cameraY=-1593.500000 targetY=-1593.5
2026-09-07 13:57:25.225 Df OpenPlane[66019:1fd4bc] [com.yalpani.openplane:navigation] arrow phase=after timestamp=110188.550082 type=10 code=125 modifiers=10617090 repeat=true index=1 cameraY=-1593.500000 targetY=-1593.5
2026-09-07 13:57:25.258 Df OpenPlane[66019:1fd4bc] [com.yalpani.openplane:navigation] arrow phase=before timestamp=110188.583408 type=10 code=125 modifiers=10617090 repeat=true index=1 cameraY=-1593.500000 targetY=-1593.5
2026-09-07 13:57:25.258 Df OpenPlane[66019:1fd4bc] [com.yalpani.openplane:navigation] arrow phase=after timestamp=110188.583408 type=10 code=125 modifiers=10617090 repeat=true index=1 cameraY=-1593.500000 targetY=-1593.5
2026-09-07 13:57:25.291 Df OpenPlane[66019:1fd4bc] [com.yalpani.openplane:navigation] arrow phase=before timestamp=110188.617182 type=10 code=125 modifiers=10617090 repeat=true index=1 cameraY=-1593.500000 targetY=-1593.5
2026-09-07 13:57:25.292 Df OpenPlane[66019:1fd4bc] [com.yalpani.openplane:navigation] arrow phase=after timestamp=110188.617182 type=10 code=125 modifiers=10617090 repeat=true index=1 cameraY=-1593.500000 targetY=-1593.5
2026-09-07 13:57:25.325 Df OpenPlane[66019:1fd4bc] [com.yalpani.openplane:navigation] arrow phase=release timestamp=110188.651186 type=11 code=125 modifiers=10617090 repeat=false index=1 cameraY=-1593.500000 targetY=-1593.5
2026-09-07 13:57:25.803 Df OpenPlane[66019:1fd4bc] [com.yalpani.openplane:navigation] arrow phase=before timestamp=110189.128480 type=10 code=125 modifiers=10617090 repeat=false index=1 cameraY=-1593.500000 targetY=-1593.5
2026-09-07 13:57:25.804 Df OpenPlane[66019:1fd4bc] [com.yalpani.openplane:navigation] arrow phase=after timestamp=110189.128480 type=10 code=125 modifiers=10617090 repeat=false index=1 cameraY=-1593.500000 targetY=-1593.5
2026-09-07 13:57:26.225 Df OpenPlane[66019:1fd4bc] [com.yalpani.openplane:navigation] arrow phase=before timestamp=110189.545158 type=10 code=125 modifiers=10617090 repeat=true index=1 cameraY=-1593.500000 targetY=-1593.5
2026-09-07 13:57:26.225 Df OpenPlane[66019:1fd4bc] [com.yalpani.openplane:navigation] arrow phase=after timestamp=110189.545158 type=10 code=125 modifiers=10617090 repeat=true index=1 cameraY=-1593.500000 targetY=-1593.5
2026-09-07 13:57:26.250 Df OpenPlane[66019:1fd4bc] [com.yalpani.openplane:navigation] arrow phase=before timestamp=110189.578153 type=10 code=125 modifiers=10617090 repeat=true index=1 cameraY=-1593.500000 targetY=-1593.5
2026-09-07 13:57:26.250 Df OpenPlane[66019:1fd4bc] [com.yalpani.openplane:navigation] arrow phase=after timestamp=110189.578153 type=10 code=125 modifiers=10617090 repeat=true index=1 cameraY=-1593.500000 targetY=-1593.5
2026-09-07 13:57:26.291 Df OpenPlane[66019:1fd4bc] [com.yalpani.openplane:navigation] arrow phase=before timestamp=110189.612246 type=10 code=125 modifiers=10617090 repeat=true index=1 cameraY=-1593.500000 targetY=-1593.5
2026-09-07 13:57:26.292 Df OpenPlane[66019:1fd4bc] [com.yalpani.openplane:navigation] arrow phase=after timestamp=110189.612246 type=10 code=125 modifiers=10617090 repeat=true index=1 cameraY=-1593.500000 targetY=-1593.5
2026-09-07 13:57:26.321 Df OpenPlane[66019:1fd4bc] [com.yalpani.openplane:navigation] arrow phase=before timestamp=110189.645398 type=10 code=125 modifiers=10617090 repeat=true index=1 cameraY=-1593.500000 targetY=-1593.5
2026-09-07 13:57:26.321 Df OpenPlane[66019:1fd4bc] [com.yalpani.openplane:navigation] arrow phase=after timestamp=110189.645398 type=10 code=125 modifiers=10617090 repeat=true index=1 cameraY=-1593.500000 targetY=-1593.5
2026-09-07 13:57:26.350 Df OpenPlane[66019:1fd4bc] [com.yalpani.openplane:navigation] arrow phase=release timestamp=110189.663972 type=11 code=125 modifiers=10617090 repeat=false index=1 cameraY=-1593.500000 targetY=-1593.5
2026-09-07 13:57:27.085 Df OpenPlane[66019:1fd4bc] [com.yalpani.openplane:navigation] arrow phase=before timestamp=110190.409619 type=10 code=125 modifiers=10617090 repeat=false index=1 cameraY=-1593.500000 targetY=-1593.5
2026-09-07 13:57:27.085 Df OpenPlane[66019:1fd4bc] [com.yalpani.openplane:navigation] arrow phase=after timestamp=110190.409619 type=10 code=125 modifiers=10617090 repeat=false index=1 cameraY=-1593.500000 targetY=-1593.5
2026-09-07 13:57:27.208 Df OpenPlane[66019:1fd4bc] [com.yalpani.openplane:navigation] arrow phase=release timestamp=110190.521444 type=11 code=125 modifiers=10617090 repeat=false index=1 cameraY=-1593.500000 targetY=-1593.5
2026-09-07 13:57:28.417 Df OpenPlane[66019:1fd4bc] [com.yalpani.openplane:navigation] arrow phase=before timestamp=110191.741341 type=10 code=126 modifiers=10617090 repeat=false index=1 cameraY=-1593.500000 targetY=-1593.5
2026-09-07 13:57:28.417 Df OpenPlane[66019:1fd4bc] [com.yalpani.openplane:navigation] arrow phase=after timestamp=110191.741341 type=10 code=126 modifiers=10617090 repeat=false index=1 cameraY=-1593.500000 targetY=-1593.5
2026-09-07 13:57:28.551 Df OpenPlane[66019:1fd4bc] [com.yalpani.openplane:navigation] arrow phase=release timestamp=110191.860922 type=11 code=126 modifiers=10617090 repeat=false index=1 cameraY=-1593.500000 targetY=-1593.5
2026-09-07 13:57:29.405 Df OpenPlane[66019:1fd4bc] [com.yalpani.openplane:navigation] arrow phase=before timestamp=110192.732299 type=10 code=126 modifiers=10486016 repeat=false index=1 cameraY=-1593.500000 targetY=-1593.5
2026-09-07 13:57:29.411 Df OpenPlane[66019:1fd4bc] [com.yalpani.openplane:navigation] arrow phase=after timestamp=110192.732299 type=10 code=126 modifiers=10486016 repeat=false index=0 cameraY=-1592.233767 targetY=-499.0
2026-09-07 13:57:29.511 Df OpenPlane[66019:1fd4bc] [com.yalpani.openplane:navigation] arrow phase=release timestamp=110192.840011 type=11 code=126 modifiers=10486016 repeat=false index=0 cameraY=-925.856817 targetY=-499.0
2026-09-07 13:57:29.683 Df OpenPlane[66019:1fd4bc] [com.yalpani.openplane:navigation] arrow phase=before timestamp=110193.010050 type=10 code=126 modifiers=10486016 repeat=false index=0 cameraY=-499.000000 targetY=-499.0
2026-09-07 13:57:29.684 Df OpenPlane[66019:1fd4bc] [com.yalpani.openplane:navigation] arrow phase=after timestamp=110193.010050 type=10 code=126 modifiers=10486016 repeat=false index=0 cameraY=-499.000000 targetY=-499.0
2026-09-07 13:57:29.710 Df OpenPlane[66019:1fd4bc] [com.yalpani.openplane:navigation] arrow phase=release timestamp=110193.037736 type=11 code=126 modifiers=10486016 repeat=false index=0 cameraY=-499.000000 targetY=-499.0
2026-09-07 13:57:29.811 Df OpenPlane[66019:1fd4bc] [com.yalpani.openplane:navigation] arrow phase=before timestamp=110193.137843 type=10 code=126 modifiers=10486016 repeat=false index=0 cameraY=-499.000000 targetY=-499.0
2026-09-07 13:57:29.811 Df OpenPlane[66019:1fd4bc] [com.yalpani.openplane:navigation] arrow phase=after timestamp=110193.137843 type=10 code=126 modifiers=10486016 repeat=false index=0 cameraY=-499.000000 targetY=-499.0
2026-09-07 13:57:29.866 Df OpenPlane[66019:1fd4bc] [com.yalpani.openplane:navigation] arrow phase=release timestamp=110193.194757 type=11 code=126 modifiers=10486016 repeat=false index=0 cameraY=-499.000000 targetY=-499.0
2026-09-07 13:57:30.117 Df OpenPlane[66019:1fd4bc] [com.yalpani.openplane:navigation] arrow phase=before timestamp=110193.437664 type=10 code=125 modifiers=10486016 repeat=false index=0 cameraY=-499.000000 targetY=-499.0
2026-09-07 13:57:30.121 Df OpenPlane[66019:1fd4bc] [com.yalpani.openplane:navigation] arrow phase=after timestamp=110193.437664 type=10 code=125 modifiers=10486016 repeat=false index=1 cameraY=-500.063673 targetY=-1593.5
2026-09-07 13:57:30.189 Df OpenPlane[66019:1fd4bc] [com.yalpani.openplane:navigation] arrow phase=release timestamp=110193.513430 type=11 code=125 modifiers=10486016 repeat=false index=1 cameraY=-873.507349 targetY=-1593.5
2026-09-07 13:57:30.284 Df OpenPlane[66019:1fd4bc] [com.yalpani.openplane:navigation] arrow phase=before timestamp=110193.609220 type=10 code=125 modifiers=10486016 repeat=false index=1 cameraY=-1573.456181 targetY=-1593.5
2026-09-07 13:57:30.289 Df OpenPlane[66019:1fd4bc] [com.yalpani.openplane:navigation] arrow phase=after timestamp=110193.609220 type=10 code=125 modifiers=10486016 repeat=false index=2 cameraY=-1577.546192 targetY=-2684.5
2026-09-07 13:57:30.363 Df OpenPlane[66019:1fd4bc] [com.yalpani.openplane:navigation] arrow phase=release timestamp=110193.692028 type=11 code=125 modifiers=10486016 repeat=false index=2 cameraY=-2009.341123 targetY=-2684.5
2026-09-07 13:57:30.475 Df OpenPlane[66019:1fd4bc] [com.yalpani.openplane:navigation] arrow phase=before timestamp=110193.801951 type=10 code=125 modifiers=10486016 repeat=false index=2 cameraY=-2684.500000 targetY=-2684.5
2026-09-07 13:57:30.481 Df OpenPlane[66019:1fd4bc] [com.yalpani.openplane:navigation] arrow phase=after timestamp=110193.801951 type=10 code=125 modifiers=10486016 repeat=false index=3 cameraY=-2685.476384 targetY=-3775.5
2026-09-07 13:57:30.550 Df OpenPlane[66019:1fd4bc] [com.yalpani.openplane:navigation] arrow phase=release timestamp=110193.878252 type=11 code=125 modifiers=10486016 repeat=false index=3 cameraY=-3073.522935 targetY=-3775.5
2026-09-07 13:57:31.202 Df OpenPlane[66019:1fd4bc] [com.yalpani.openplane:navigation] arrow phase=before timestamp=110194.527344 type=10 code=125 modifiers=10617090 repeat=false index=3 cameraY=-3775.500000 targetY=-3775.5
2026-09-07 13:57:31.202 Df OpenPlane[66019:1fd4bc] [com.yalpani.openplane:navigation] arrow phase=after timestamp=110194.527344 type=10 code=125 modifiers=10617090 repeat=false index=3 cameraY=-3775.500000 targetY=-3775.5
2026-09-07 13:57:31.346 Df OpenPlane[66019:1fd4bc] [com.yalpani.openplane:navigation] arrow phase=release timestamp=110194.674750 type=11 code=125 modifiers=10617090 repeat=false index=3 cameraY=-3775.500000 targetY=-3775.5
2026-09-07 13:57:31.714 Df OpenPlane[66019:1fd4bc] [com.yalpani.openplane:navigation] arrow phase=before timestamp=110195.033692 type=10 code=126 modifiers=10617090 repeat=false index=3 cameraY=-3775.500000 targetY=-3775.5
2026-09-07 13:57:31.714 Df OpenPlane[66019:1fd4bc] [com.yalpani.openplane:navigation] arrow phase=after timestamp=110195.033692 type=10 code=126 modifiers=10617090 repeat=false index=3 cameraY=-3775.500000 targetY=-3775.5
2026-09-07 13:57:31.809 Df OpenPlane[66019:1fd4bc] [com.yalpani.openplane:navigation] arrow phase=release timestamp=110195.121667 type=11 code=126 modifiers=10617090 repeat=false index=3 cameraY=-3775.500000 targetY=-3775.5
2026-09-07 13:57:31.922 Df OpenPlane[66019:1fd4bc] [com.yalpani.openplane:navigation] arrow phase=before timestamp=110195.237754 type=10 code=126 modifiers=10617090 repeat=false index=3 cameraY=-3775.500000 targetY=-3775.5
2026-09-07 13:57:31.922 Df OpenPlane[66019:1fd4bc] [com.yalpani.openplane:navigation] arrow phase=after timestamp=110195.237754 type=10 code=126 modifiers=10617090 repeat=false index=3 cameraY=-3775.500000 targetY=-3775.5
2026-09-07 13:57:32.012 Df OpenPlane[66019:1fd4bc] [com.yalpani.openplane:navigation] arrow phase=release timestamp=110195.332678 type=11 code=126 modifiers=10617090 repeat=false index=3 cameraY=-3775.500000 targetY=-3775.5
2026-09-07 13:57:32.171 Df OpenPlane[66019:1fd4bc] [com.yalpani.openplane:navigation] arrow phase=before timestamp=110195.497621 type=10 code=126 modifiers=10617090 repeat=false index=3 cameraY=-3775.500000 targetY=-3775.5
2026-09-07 13:57:32.171 Df OpenPlane[66019:1fd4bc] [com.yalpani.openplane:navigation] arrow phase=after timestamp=110195.497621 type=10 code=126 modifiers=10617090 repeat=false index=3 cameraY=-3775.500000 targetY=-3775.5
2026-09-07 13:57:32.296 Df OpenPlane[66019:1fd4bc] [com.yalpani.openplane:navigation] arrow phase=release timestamp=110195.621701 type=11 code=126 modifiers=10617090 repeat=false index=3 cameraY=-3775.500000 targetY=-3775.5
2026-09-07 13:57:34.725 Df OpenPlane[66019:1fd4bc] [com.yalpani.openplane:navigation] arrow phase=before timestamp=110198.052015 type=10 code=126 modifiers=10486016 repeat=false index=3 cameraY=-3775.500000 targetY=-3775.5
2026-09-07 13:57:34.728 Df OpenPlane[66019:1fd4bc] [com.yalpani.openplane:navigation] arrow phase=after timestamp=110198.052015 type=10 code=126 modifiers=10486016 repeat=false index=2 cameraY=-3775.165333 targetY=-2684.5
2026-09-07 13:57:34.847 Df OpenPlane[66019:1fd4bc] [com.yalpani.openplane:navigation] arrow phase=release timestamp=110198.172302 type=11 code=126 modifiers=10486016 repeat=false index=2 cameraY=-2956.272504 targetY=-2684.5
2026-09-07 13:57:35.299 Df OpenPlane[66019:1fd4bc] [com.yalpani.openplane:navigation] arrow phase=before timestamp=110198.626083 type=10 code=126 modifiers=10486016 repeat=false index=2 cameraY=-2684.500000 targetY=-2684.5
2026-09-07 13:57:35.302 Df OpenPlane[66019:1fd4bc] [com.yalpani.openplane:navigation] arrow phase=after timestamp=110198.626083 type=10 code=126 modifiers=10486016 repeat=false index=1 cameraY=-2684.147432 targetY=-1593.5
2026-09-07 13:57:35.402 Df OpenPlane[66019:1fd4bc] [com.yalpani.openplane:navigation] arrow phase=release timestamp=110198.730386 type=11 code=126 modifiers=10486016 repeat=false index=1 cameraY=-2029.903998 targetY=-1593.5
2026-09-07 13:57:35.604 Df OpenPlane[66019:1fd4bc] [com.yalpani.openplane:navigation] arrow phase=before timestamp=110198.928240 type=10 code=126 modifiers=10486016 repeat=false index=1 cameraY=-1593.500000 targetY=-1593.5
2026-09-07 13:57:35.609 Df OpenPlane[66019:1fd4bc] [com.yalpani.openplane:navigation] arrow phase=after timestamp=110198.928240 type=10 code=126 modifiers=10486016 repeat=false index=0 cameraY=-1592.258246 targetY=-499.0
2026-09-07 13:57:35.691 Df OpenPlane[66019:1fd4bc] [com.yalpani.openplane:navigation] arrow phase=release timestamp=110199.016391 type=11 code=126 modifiers=10486016 repeat=false index=0 cameraY=-1089.375697 targetY=-499.0
2026-09-07 13:57:36.453 Df OpenPlane[66019:1fd4bc] [com.yalpani.openplane:navigation] arrow phase=before timestamp=110199.777385 type=10 code=125 modifiers=10486016 repeat=false index=0 cameraY=-499.000000 targetY=-499.0
2026-09-07 13:57:36.459 Df OpenPlane[66019:1fd4bc] [com.yalpani.openplane:navigation] arrow phase=after timestamp=110199.777385 type=10 code=125 modifiers=10486016 repeat=false index=1 cameraY=-500.366226 targetY=-1593.5
2026-09-07 13:57:36.547 Df OpenPlane[66019:1fd4bc] [com.yalpani.openplane:navigation] arrow phase=release timestamp=110199.875947 type=11 code=125 modifiers=10486016 repeat=false index=1 cameraY=-1064.940676 targetY=-1593.5
2026-09-07 13:57:36.725 Df OpenPlane[66019:1fd4bc] [com.yalpani.openplane:navigation] arrow phase=before timestamp=110200.049918 type=10 code=125 modifiers=10486016 repeat=false index=1 cameraY=-1593.500000 targetY=-1593.5
2026-09-07 13:57:36.732 Df OpenPlane[66019:1fd4bc] [com.yalpani.openplane:navigation] arrow phase=after timestamp=110200.049918 type=10 code=125 modifiers=10486016 repeat=false index=2 cameraY=-1595.091989 targetY=-2684.5
2026-09-07 13:57:36.830 Df OpenPlane[66019:1fd4bc] [com.yalpani.openplane:navigation] arrow phase=release timestamp=110200.159399 type=11 code=125 modifiers=10486016 repeat=false index=2 cameraY=-2254.165919 targetY=-2684.5
2026-09-07 13:57:36.942 Df OpenPlane[66019:1fd4bc] [com.yalpani.openplane:navigation] arrow phase=before timestamp=110200.263932 type=10 code=125 modifiers=10486016 repeat=false index=2 cameraY=-2684.500000 targetY=-2684.5
2026-09-07 13:57:36.947 Df OpenPlane[66019:1fd4bc] [com.yalpani.openplane:navigation] arrow phase=after timestamp=110200.263932 type=10 code=125 modifiers=10486016 repeat=false index=3 cameraY=-2685.969343 targetY=-3775.5
2026-09-07 13:57:37.022 Df OpenPlane[66019:1fd4bc] [com.yalpani.openplane:navigation] arrow phase=release timestamp=110200.350901 type=11 code=125 modifiers=10486016 repeat=false index=3 cameraY=-3125.522647 targetY=-3775.5
2026-09-07 13:57:37.121 Df OpenPlane[66019:1fd4bc] [com.yalpani.openplane:navigation] arrow phase=before timestamp=110200.445864 type=10 code=125 modifiers=10486016 repeat=false index=3 cameraY=-3774.688610 targetY=-3775.5
2026-09-07 13:57:37.125 Df OpenPlane[66019:1fd4bc] [com.yalpani.openplane:navigation] arrow phase=after timestamp=110200.445864 type=10 code=125 modifiers=10486016 repeat=false index=4 cameraY=-3775.956927 targetY=-4866.5
2026-09-07 13:57:37.212 Df OpenPlane[66019:1fd4bc] [com.yalpani.openplane:navigation] arrow phase=release timestamp=110200.538283 type=11 code=125 modifiers=10486016 repeat=false index=4 cameraY=-4323.256229 targetY=-4866.5
2026-09-07 13:57:37.593 Df OpenPlane[66019:1fd4bc] [com.yalpani.openplane:navigation] arrow phase=before timestamp=110200.918942 type=10 code=125 modifiers=10486016 repeat=false index=4 cameraY=-4866.500000 targetY=-4866.5
2026-09-07 13:57:37.596 Df OpenPlane[66019:1fd4bc] [com.yalpani.openplane:navigation] arrow phase=after timestamp=110200.918942 type=10 code=125 modifiers=10486016 repeat=false index=5 cameraY=-4866.902611 targetY=-5935.5
2026-09-07 13:57:37.689 Df OpenPlane[66019:1fd4bc] [com.yalpani.openplane:navigation] arrow phase=release timestamp=110201.017945 type=11 code=125 modifiers=10486016 repeat=false index=5 cameraY=-5447.518903 targetY=-5935.5
2026-09-07 13:57:37.788 Df OpenPlane[66019:1fd4bc] [com.yalpani.openplane:navigation] arrow phase=before timestamp=110201.113254 type=10 code=125 modifiers=10486016 repeat=false index=5 cameraY=-5935.500000 targetY=-5935.5
2026-09-07 13:57:37.794 Df OpenPlane[66019:1fd4bc] [com.yalpani.openplane:navigation] arrow phase=after timestamp=110201.113254 type=10 code=125 modifiers=10486016 repeat=false index=6 cameraY=-5937.074666 targetY=-6848.227765726681
2026-09-07 13:57:37.864 Df OpenPlane[66019:1fd4bc] [com.yalpani.openplane:navigation] arrow phase=release timestamp=110201.193280 type=11 code=125 modifiers=10486016 repeat=false index=6 cameraY=-6279.601294 targetY=-6848.227765726681
2026-09-07 13:57:37.954 Df OpenPlane[66019:1fd4bc] [com.yalpani.openplane:navigation] arrow phase=before timestamp=110201.277755 type=10 code=125 modifiers=10486016 repeat=false index=6 cameraY=-6830.307717 targetY=-6848.227765726681
2026-09-07 13:57:37.960 Df OpenPlane[66019:1fd4bc] [com.yalpani.openplane:navigation] arrow phase=after timestamp=110201.277755 type=10 code=125 modifiers=10486016 repeat=false index=7 cameraY=-6833.324643 targetY=-7786.455531453363
2026-09-07 13:57:38.029 Df OpenPlane[66019:1fd4bc] [com.yalpani.openplane:navigation] arrow phase=release timestamp=110201.354256 type=11 code=125 modifiers=10486016 repeat=false index=7 cameraY=-7174.893983 targetY=-7786.455531453363
2026-09-07 13:57:38.129 Df OpenPlane[66019:1fd4bc] [com.yalpani.openplane:navigation] arrow phase=before timestamp=110201.454905 type=10 code=125 modifiers=10486016 repeat=false index=7 cameraY=-7782.034751 targetY=-7786.455531453363
2026-09-07 13:57:38.135 Df OpenPlane[66019:1fd4bc] [com.yalpani.openplane:navigation] arrow phase=after timestamp=110201.454905 type=10 code=125 modifiers=10486016 repeat=false index=-1 cameraY=-7783.411531 targetY=-8515.455531453363
2026-09-07 13:57:38.167 Df OpenPlane[66019:1fd4bc] [com.yalpani.openplane:navigation] arrow phase=release timestamp=110201.495131 type=11 code=125 modifiers=10486016 repeat=false index=-1 cameraY=-7858.419473 targetY=-8515.455531453363
2026-09-07 13:57:48.179 Df OpenPlane[66019:1fd4bc] [com.yalpani.openplane:navigation] arrow phase=before timestamp=110211.504229 type=10 code=126 modifiers=10486016 repeat=false index=-1 cameraY=-8515.455531 targetY=-8515.455531453363
2026-09-07 13:57:48.185 Df OpenPlane[66019:1fd4bc] [com.yalpani.openplane:navigation] arrow phase=after timestamp=110211.504229 type=10 code=126 modifiers=10486016 repeat=false index=7 cameraY=-8514.452125 targetY=-7786.455531453363
2026-09-07 13:57:48.275 Df OpenPlane[66019:1fd4bc] [com.yalpani.openplane:navigation] arrow phase=release timestamp=110211.603117 type=11 code=126 modifiers=10486016 repeat=false index=7 cameraY=-8124.681684 targetY=-7786.455531453363
2026-09-07 13:57:48.370 Df OpenPlane[66019:1fd4bc] [com.yalpani.openplane:navigation] arrow phase=before timestamp=110211.694699 type=10 code=126 modifiers=10486016 repeat=false index=7 cameraY=-7786.455531 targetY=-7786.455531453363
2026-09-07 13:57:48.376 Df OpenPlane[66019:1fd4bc] [com.yalpani.openplane:navigation] arrow phase=after timestamp=110211.694699 type=10 code=126 modifiers=10486016 repeat=false index=6 cameraY=-7784.976336 targetY=-6848.227765726681
2026-09-07 13:57:48.389 Df OpenPlane[66019:1fd4bc] [com.yalpani.openplane:navigation] arrow phase=release timestamp=110211.718336 type=11 code=126 modifiers=10486016 repeat=false index=6 cameraY=-7761.706106 targetY=-6848.227765726681
2026-09-07 13:57:48.492 Df OpenPlane[66019:1fd4bc] [com.yalpani.openplane:navigation] arrow phase=before timestamp=110211.818083 type=10 code=126 modifiers=10486016 repeat=false index=6 cameraY=-7093.221421 targetY=-6848.227765726681
2026-09-07 13:57:48.497 Df OpenPlane[66019:1fd4bc] [com.yalpani.openplane:navigation] arrow phase=after timestamp=110211.818083 type=10 code=126 modifiers=10486016 repeat=false index=5 cameraY=-7086.915503 targetY=-5935.5
2026-09-07 13:57:48.539 Df OpenPlane[66019:1fd4bc] [com.yalpani.openplane:navigation] arrow phase=release timestamp=110211.867995 type=11 code=126 modifiers=10486016 repeat=false index=5 cameraY=-6906.796402 targetY=-5935.5
2026-09-07 13:57:48.625 Df OpenPlane[66019:1fd4bc] [com.yalpani.openplane:navigation] arrow phase=before timestamp=110211.951639 type=10 code=126 modifiers=10486016 repeat=false index=5 cameraY=-6144.676313 targetY=-5935.5
2026-09-07 13:57:48.630 Df OpenPlane[66019:1fd4bc] [com.yalpani.openplane:navigation] arrow phase=after timestamp=110211.951639 type=10 code=126 modifiers=10486016 repeat=false index=4 cameraY=-6136.707346 targetY=-4866.5
2026-09-07 13:57:48.684 Df OpenPlane[66019:1fd4bc] [com.yalpani.openplane:navigation] arrow phase=release timestamp=110212.011793 type=11 code=126 modifiers=10486016 repeat=false index=4 cameraY=-5841.293756 targetY=-4866.5
2026-09-07 13:57:48.763 Df OpenPlane[66019:1fd4bc] [com.yalpani.openplane:navigation] arrow phase=before timestamp=110212.086524 type=10 code=126 modifiers=10486016 repeat=false index=4 cameraY=-5059.175370 targetY=-4866.5
2026-09-07 13:57:48.769 Df OpenPlane[66019:1fd4bc] [com.yalpani.openplane:navigation] arrow phase=after timestamp=110212.086524 type=10 code=126 modifiers=10486016 repeat=false index=3 cameraY=-5050.686275 targetY=-3775.5
2026-09-07 13:57:48.838 Df OpenPlane[66019:1fd4bc] [com.yalpani.openplane:navigation] arrow phase=release timestamp=110212.167387 type=11 code=126 modifiers=10486016 repeat=false index=3 cameraY=-4591.956941 targetY=-3775.5
2026-09-07 13:57:48.976 Df OpenPlane[66019:1fd4bc] [com.yalpani.openplane:navigation] arrow phase=before timestamp=110212.302769 type=10 code=126 modifiers=10486016 repeat=false index=3 cameraY=-3775.500000 targetY=-3775.5
2026-09-07 13:57:48.982 Df OpenPlane[66019:1fd4bc] [com.yalpani.openplane:navigation] arrow phase=after timestamp=110212.302769 type=10 code=126 modifiers=10486016 repeat=false index=2 cameraY=-3773.960741 targetY=-2684.5
2026-09-07 13:57:49.134 Df OpenPlane[66019:1fd4bc] [com.yalpani.openplane:navigation] arrow phase=release timestamp=110212.463601 type=11 code=126 modifiers=10486016 repeat=false index=2 cameraY=-2735.843721 targetY=-2684.5
2026-09-07 13:57:49.525 Df OpenPlane[66019:1fd4bc] [com.yalpani.openplane:navigation] arrow phase=before timestamp=110212.848936 type=10 code=126 modifiers=10486016 repeat=false index=2 cameraY=-2684.500000 targetY=-2684.5
2026-09-07 13:57:49.530 Df OpenPlane[66019:1fd4bc] [com.yalpani.openplane:navigation] arrow phase=after timestamp=110212.848936 type=10 code=126 modifiers=10486016 repeat=false index=1 cameraY=-2683.013233 targetY=-1593.5
2026-09-07 13:57:49.609 Df OpenPlane[66019:1fd4bc] [com.yalpani.openplane:navigation] arrow phase=release timestamp=110212.932949 type=11 code=126 modifiers=10486016 repeat=false index=1 cameraY=-2207.409594 targetY=-1593.5
2026-09-07 13:58:34.557 Df OpenPlane[66019:1fd4bc] [com.yalpani.openplane:navigation] arrow phase=before timestamp=110257.884224 type=10 code=125 modifiers=10486016 repeat=false index=0 cameraY=-495.500000 targetY=-495.5
2026-09-07 13:58:34.559 Df OpenPlane[66019:1fd4bc] [com.yalpani.openplane:navigation] arrow phase=after timestamp=110257.884224 type=10 code=125 modifiers=10486016 repeat=false index=1 cameraY=-495.719044 targetY=-1590.0
2026-09-07 13:58:34.674 Df OpenPlane[66019:1fd4bc] [com.yalpani.openplane:navigation] arrow phase=release timestamp=110258.000177 type=11 code=125 modifiers=10486016 repeat=false index=1 cameraY=-1278.796713 targetY=-1590.0
2026-09-07 13:58:34.965 Df OpenPlane[66019:1fd4bc] [com.yalpani.openplane:navigation] arrow phase=before timestamp=110258.291230 type=10 code=125 modifiers=10486016 repeat=false index=1 cameraY=-1590.000000 targetY=-1590.0
2026-09-07 13:58:34.971 Df OpenPlane[66019:1fd4bc] [com.yalpani.openplane:navigation] arrow phase=after timestamp=110258.291230 type=10 code=125 modifiers=10486016 repeat=false index=2 cameraY=-1591.813833 targetY=-2684.5
2026-09-07 13:58:35.085 Df OpenPlane[66019:1fd4bc] [com.yalpani.openplane:navigation] arrow phase=release timestamp=110258.413815 type=11 code=125 modifiers=10486016 repeat=false index=2 cameraY=-2387.284533 targetY=-2684.5
2026-09-07 13:58:35.371 Df OpenPlane[66019:1fd4bc] [com.yalpani.openplane:navigation] arrow phase=before timestamp=110258.696989 type=10 code=125 modifiers=10486016 repeat=false index=2 cameraY=-2684.500000 targetY=-2684.5
2026-09-07 13:58:35.377 Df OpenPlane[66019:1fd4bc] [com.yalpani.openplane:navigation] arrow phase=after timestamp=110258.696989 type=10 code=125 modifiers=10486016 repeat=false index=3 cameraY=-2685.831120 targetY=-3775.5
2026-09-07 13:58:35.496 Df OpenPlane[66019:1fd4bc] [com.yalpani.openplane:navigation] arrow phase=release timestamp=110258.824101 type=11 code=125 modifiers=10486016 repeat=false index=3 cameraY=-3512.786412 targetY=-3775.5
2026-09-07 13:58:35.841 Df OpenPlane[66019:1fd4bc] [com.yalpani.openplane:navigation] arrow phase=before timestamp=110259.166053 type=10 code=125 modifiers=10486016 repeat=false index=3 cameraY=-3775.500000 targetY=-3775.5
2026-09-07 13:58:35.846 Df OpenPlane[66019:1fd4bc] [com.yalpani.openplane:navigation] arrow phase=after timestamp=110259.166053 type=10 code=125 modifiers=10486016 repeat=false index=4 cameraY=-3776.722823 targetY=-4866.5
2026-09-07 13:58:35.963 Df OpenPlane[66019:1fd4bc] [com.yalpani.openplane:navigation] arrow phase=release timestamp=110259.289412 type=11 code=125 modifiers=10486016 repeat=false index=4 cameraY=-4583.063749 targetY=-4866.5
2026-09-07 13:58:36.318 Df OpenPlane[66019:1fd4bc] [com.yalpani.openplane:navigation] arrow phase=before timestamp=110259.643049 type=10 code=125 modifiers=10486016 repeat=false index=4 cameraY=-4866.500000 targetY=-4866.5
2026-09-07 13:58:36.324 Df OpenPlane[66019:1fd4bc] [com.yalpani.openplane:navigation] arrow phase=after timestamp=110259.643049 type=10 code=125 modifiers=10486016 repeat=false index=5 cameraY=-4867.858125 targetY=-5935.5
2026-09-07 13:58:36.446 Df OpenPlane[66019:1fd4bc] [com.yalpani.openplane:navigation] arrow phase=release timestamp=110259.772601 type=11 code=125 modifiers=10486016 repeat=false index=5 cameraY=-5702.582716 targetY=-5935.5
2026-09-07 13:58:36.708 Df OpenPlane[66019:1fd4bc] [com.yalpani.openplane:navigation] arrow phase=before timestamp=110260.033318 type=10 code=125 modifiers=10486016 repeat=false index=5 cameraY=-5935.500000 targetY=-5935.5
2026-09-07 13:58:36.711 Df OpenPlane[66019:1fd4bc] [com.yalpani.openplane:navigation] arrow phase=after timestamp=110260.033318 type=10 code=125 modifiers=10486016 repeat=false index=6 cameraY=-5935.902710 targetY=-6848.227765726681
2026-09-07 13:58:36.838 Df OpenPlane[66019:1fd4bc] [com.yalpani.openplane:navigation] arrow phase=release timestamp=110260.164899 type=11 code=125 modifiers=10486016 repeat=false index=6 cameraY=-6670.552115 targetY=-6848.227765726681
2026-09-07 13:58:36.983 Df OpenPlane[66019:1fd4bc] [com.yalpani.openplane:navigation] arrow phase=before timestamp=110260.308256 type=10 code=125 modifiers=10486016 repeat=false index=6 cameraY=-6848.227766 targetY=-6848.227765726681
2026-09-07 13:58:36.988 Df OpenPlane[66019:1fd4bc] [com.yalpani.openplane:navigation] arrow phase=after timestamp=110260.308256 type=10 code=125 modifiers=10486016 repeat=false index=7 cameraY=-6849.291548 targetY=-7786.455531453363
2026-09-07 13:58:37.101 Df OpenPlane[66019:1fd4bc] [com.yalpani.openplane:navigation] arrow phase=release timestamp=110260.430118 type=11 code=125 modifiers=10486016 repeat=false index=7 cameraY=-7520.354458 targetY=-7786.455531453363
2026-09-07 13:58:37.473 Df OpenPlane[66019:1fd4bc] [com.yalpani.openplane:navigation] arrow phase=before timestamp=110260.798066 type=10 code=126 modifiers=10486016 repeat=false index=7 cameraY=-7786.455531 targetY=-7786.455531453363
2026-09-07 13:58:37.478 Df OpenPlane[66019:1fd4bc] [com.yalpani.openplane:navigation] arrow phase=after timestamp=110260.798066 type=10 code=126 modifiers=10486016 repeat=false index=6 cameraY=-7785.406325 targetY=-6848.227765726681
2026-09-07 13:58:37.554 Df OpenPlane[66019:1fd4bc] [com.yalpani.openplane:navigation] arrow phase=release timestamp=110260.881737 type=11 code=126 modifiers=10486016 repeat=false index=6 cameraY=-7395.507011 targetY=-6848.227765726681
2026-09-07 13:58:38.138 Df OpenPlane[66019:1fd4bc] [com.yalpani.openplane:navigation] arrow phase=before timestamp=110261.462013 type=10 code=126 modifiers=10486016 repeat=false index=6 cameraY=-6848.227766 targetY=-6848.227765726681
2026-09-07 13:58:38.144 Df OpenPlane[66019:1fd4bc] [com.yalpani.openplane:navigation] arrow phase=after timestamp=110261.462013 type=10 code=126 modifiers=10486016 repeat=false index=5 cameraY=-6846.856101 targetY=-5935.5
2026-09-07 13:58:38.248 Df OpenPlane[66019:1fd4bc] [com.yalpani.openplane:navigation] arrow phase=release timestamp=110261.577349 type=11 code=126 modifiers=10486016 repeat=false index=5 cameraY=-6256.355204 targetY=-5935.5
2026-09-07 13:58:38.516 Df OpenPlane[66019:1fd4bc] [com.yalpani.openplane:navigation] arrow phase=before timestamp=110261.841090 type=10 code=126 modifiers=10486016 repeat=false index=5 cameraY=-5935.500000 targetY=-5935.5
2026-09-07 13:58:38.521 Df OpenPlane[66019:1fd4bc] [com.yalpani.openplane:navigation] arrow phase=after timestamp=110261.841090 type=10 code=126 modifiers=10486016 repeat=false index=4 cameraY=-5933.989495 targetY=-4866.5
2026-09-07 13:58:38.635 Df OpenPlane[66019:1fd4bc] [com.yalpani.openplane:navigation] arrow phase=release timestamp=110261.963858 type=11 code=126 modifiers=10486016 repeat=false index=4 cameraY=-5163.988238 targetY=-4866.5
2026-09-07 13:58:39.073 Df OpenPlane[66019:1fd4bc] [com.yalpani.openplane:navigation] arrow phase=before timestamp=110262.399042 type=10 code=126 modifiers=10486016 repeat=false index=4 cameraY=-4866.500000 targetY=-4866.5
2026-09-07 13:58:39.078 Df OpenPlane[66019:1fd4bc] [com.yalpani.openplane:navigation] arrow phase=after timestamp=110262.399042 type=10 code=126 modifiers=10486016 repeat=false index=3 cameraY=-4865.101258 targetY=-3775.5
2026-09-07 13:58:39.124 Df OpenPlane[66019:1fd4bc] [com.yalpani.openplane:navigation] arrow phase=release timestamp=110262.449882 type=11 code=126 modifiers=10486016 repeat=false index=3 cameraY=-4665.011851 targetY=-3775.5
2026-09-07 13:58:39.209 Df OpenPlane[66019:1fd4bc] [com.yalpani.openplane:navigation] arrow phase=before timestamp=110262.533734 type=10 code=126 modifiers=10486016 repeat=false index=3 cameraY=-3950.477823 targetY=-3775.5
2026-09-07 13:58:39.214 Df OpenPlane[66019:1fd4bc] [com.yalpani.openplane:navigation] arrow phase=after timestamp=110262.533734 type=10 code=126 modifiers=10486016 repeat=false index=2 cameraY=-3945.531325 targetY=-2684.5
2026-09-07 13:58:39.293 Df OpenPlane[66019:1fd4bc] [com.yalpani.openplane:navigation] arrow phase=release timestamp=110262.622212 type=11 code=126 modifiers=10486016 repeat=false index=2 cameraY=-3391.391143 targetY=-2684.5
2026-09-07 13:58:39.379 Df OpenPlane[66019:1fd4bc] [com.yalpani.openplane:navigation] arrow phase=before timestamp=110262.705405 type=10 code=126 modifiers=10486016 repeat=false index=2 cameraY=-2697.808031 targetY=-2684.5
2026-09-07 13:58:39.385 Df OpenPlane[66019:1fd4bc] [com.yalpani.openplane:navigation] arrow phase=after timestamp=110262.705405 type=10 code=126 modifiers=10486016 repeat=false index=1 cameraY=-2695.460254 targetY=-1590.0
2026-09-07 13:58:39.460 Df OpenPlane[66019:1fd4bc] [com.yalpani.openplane:navigation] arrow phase=release timestamp=110262.789162 type=11 code=126 modifiers=10486016 repeat=false index=1 cameraY=-2247.135999 targetY=-1590.0
2026-09-07 13:58:39.813 Df OpenPlane[66019:1fd4bc] [com.yalpani.openplane:navigation] arrow phase=before timestamp=110263.137700 type=10 code=126 modifiers=10486016 repeat=false index=1 cameraY=-1590.000000 targetY=-1590.0
2026-09-07 13:58:39.819 Df OpenPlane[66019:1fd4bc] [com.yalpani.openplane:navigation] arrow phase=after timestamp=110263.137700 type=10 code=126 modifiers=10486016 repeat=false index=0 cameraY=-1588.400955 targetY=-495.5
2026-09-07 13:58:39.936 Df OpenPlane[66019:1fd4bc] [com.yalpani.openplane:navigation] arrow phase=release timestamp=110263.264001 type=11 code=126 modifiers=10486016 repeat=false index=0 cameraY=-769.829132 targetY=-495.5
2026-09-07 13:58:40.202 Df OpenPlane[66019:1fd4bc] [com.yalpani.openplane:navigation] arrow phase=before timestamp=110263.529283 type=10 code=125 modifiers=10486016 repeat=false index=0 cameraY=-495.500000 targetY=-495.5
2026-09-07 13:58:40.207 Df OpenPlane[66019:1fd4bc] [com.yalpani.openplane:navigation] arrow phase=after timestamp=110263.529283 type=10 code=125 modifiers=10486016 repeat=false index=1 cameraY=-496.474825 targetY=-1590.0
2026-09-07 13:58:40.285 Df OpenPlane[66019:1fd4bc] [com.yalpani.openplane:navigation] arrow phase=release timestamp=110263.613978 type=11 code=125 modifiers=10486016 repeat=false index=1 cameraY=-963.523183 targetY=-1590.0
2026-09-07 13:58:40.547 Df OpenPlane[66019:1fd4bc] [com.yalpani.openplane:navigation] arrow phase=before timestamp=110263.872915 type=10 code=125 modifiers=10486016 repeat=false index=1 cameraY=-1590.000000 targetY=-1590.0
2026-09-07 13:58:40.553 Df OpenPlane[66019:1fd4bc] [com.yalpani.openplane:navigation] arrow phase=after timestamp=110263.872915 type=10 code=125 modifiers=10486016 repeat=false index=2 cameraY=-1591.291839 targetY=-2684.5
2026-09-07 13:58:40.643 Df OpenPlane[66019:1fd4bc] [com.yalpani.openplane:navigation] arrow phase=release timestamp=110263.972195 type=11 code=125 modifiers=10486016 repeat=false index=2 cameraY=-2170.113019 targetY=-2684.5
2026-09-07 13:58:40.808 Df OpenPlane[66019:1fd4bc] [com.yalpani.openplane:navigation] arrow phase=before timestamp=110264.135298 type=10 code=125 modifiers=10486016 repeat=false index=2 cameraY=-2684.500000 targetY=-2684.5
2026-09-07 13:58:40.811 Df OpenPlane[66019:1fd4bc] [com.yalpani.openplane:navigation] arrow phase=after timestamp=110264.135298 type=10 code=125 modifiers=10486016 repeat=false index=3 cameraY=-2684.843043 targetY=-3775.5
2026-09-07 13:58:40.910 Df OpenPlane[66019:1fd4bc] [com.yalpani.openplane:navigation] arrow phase=release timestamp=110264.238947 type=11 code=125 modifiers=10486016 repeat=false index=3 cameraY=-3331.499428 targetY=-3775.5
2026-09-07 13:58:41.002 Df OpenPlane[66019:1fd4bc] [com.yalpani.openplane:navigation] arrow phase=before timestamp=110264.330358 type=10 code=125 modifiers=10486016 repeat=false index=3 cameraY=-3775.500000 targetY=-3775.5
2026-09-07 13:58:41.005 Df OpenPlane[66019:1fd4bc] [com.yalpani.openplane:navigation] arrow phase=after timestamp=110264.330358 type=10 code=125 modifiers=10486016 repeat=false index=4 cameraY=-3775.915577 targetY=-4866.5
2026-09-07 13:58:41.085 Df OpenPlane[66019:1fd4bc] [com.yalpani.openplane:navigation] arrow phase=release timestamp=110264.414635 type=11 code=125 modifiers=10486016 repeat=false index=4 cameraY=-4253.529766 targetY=-4866.5
2026-09-07 13:58:41.163 Df OpenPlane[66019:1fd4bc] [com.yalpani.openplane:navigation] arrow phase=before timestamp=110264.489351 type=10 code=125 modifiers=10486016 repeat=false index=4 cameraY=-4829.268411 targetY=-4866.5
2026-09-07 13:58:41.167 Df OpenPlane[66019:1fd4bc] [com.yalpani.openplane:navigation] arrow phase=after timestamp=110264.489351 type=10 code=125 modifiers=10486016 repeat=false index=5 cameraY=-4832.258875 targetY=-5935.5
2026-09-07 13:58:41.263 Df OpenPlane[66019:1fd4bc] [com.yalpani.openplane:navigation] arrow phase=release timestamp=110264.589722 type=11 code=125 modifiers=10486016 repeat=false index=5 cameraY=-5455.481103 targetY=-5935.5
2026-09-07 13:58:41.363 Df OpenPlane[66019:1fd4bc] [com.yalpani.openplane:navigation] arrow phase=before timestamp=110264.688673 type=10 code=125 modifiers=10486016 repeat=false index=5 cameraY=-5935.500000 targetY=-5935.5
2026-09-07 13:58:41.368 Df OpenPlane[66019:1fd4bc] [com.yalpani.openplane:navigation] arrow phase=after timestamp=110264.688673 type=10 code=125 modifiers=10486016 repeat=false index=6 cameraY=-5936.496102 targetY=-6848.227765726681
2026-09-07 13:58:41.435 Df OpenPlane[66019:1fd4bc] [com.yalpani.openplane:navigation] arrow phase=release timestamp=110264.763994 type=11 code=125 modifiers=10486016 repeat=false index=6 cameraY=-6244.542687 targetY=-6848.227765726681
2026-09-07 13:58:41.534 Df OpenPlane[66019:1fd4bc] [com.yalpani.openplane:navigation] arrow phase=before timestamp=110264.858648 type=10 code=125 modifiers=10486016 repeat=false index=6 cameraY=-6838.527476 targetY=-6848.227765726681
2026-09-07 13:58:41.538 Df OpenPlane[66019:1fd4bc] [com.yalpani.openplane:navigation] arrow phase=after timestamp=110264.858648 type=10 code=125 modifiers=10486016 repeat=false index=7 cameraY=-6840.310222 targetY=-7786.455531453363
2026-09-07 13:58:41.627 Df OpenPlane[66019:1fd4bc] [com.yalpani.openplane:navigation] arrow phase=release timestamp=110264.951085 type=11 code=125 modifiers=10486016 repeat=false index=7 cameraY=-7327.364180 targetY=-7786.455531453363
2026-09-07 13:58:41.705 Df OpenPlane[66019:1fd4bc] [com.yalpani.openplane:navigation] arrow phase=before timestamp=110265.031620 type=10 code=125 modifiers=10486016 repeat=false index=7 cameraY=-7777.539036 targetY=-7786.455531453363
2026-09-07 13:58:41.710 Df OpenPlane[66019:1fd4bc] [com.yalpani.openplane:navigation] arrow phase=after timestamp=110265.031620 type=10 code=125 modifiers=10486016 repeat=false index=-1 cameraY=-7779.432300 targetY=-8515.455531453363
2026-09-07 13:58:41.776 Df OpenPlane[66019:1fd4bc] [com.yalpani.openplane:navigation] arrow phase=release timestamp=110265.104856 type=11 code=125 modifiers=10486016 repeat=false index=-1 cameraY=-8019.828804 targetY=-8515.455531453363
2026-09-07 13:58:41.938 Df OpenPlane[66019:1fd4bc] [com.yalpani.openplane:navigation] arrow phase=before timestamp=110265.265729 type=10 code=126 modifiers=10486016 repeat=false index=-1 cameraY=-8515.455531 targetY=-8515.455531453363
2026-09-07 13:58:41.942 Df OpenPlane[66019:1fd4bc] [com.yalpani.openplane:navigation] arrow phase=after timestamp=110265.265729 type=10 code=126 modifiers=10486016 repeat=false index=7 cameraY=-8514.913791 targetY=-7786.455531453363
2026-09-07 13:58:42.358 Df OpenPlane[66019:1fd4bc] [com.yalpani.openplane:navigation] arrow phase=before timestamp=110265.683537 type=10 code=126 modifiers=10486016 repeat=true index=7 cameraY=-7786.455531 targetY=-7786.455531453363
2026-09-07 13:58:42.364 Df OpenPlane[66019:1fd4bc] [com.yalpani.openplane:navigation] arrow phase=after timestamp=110265.683537 type=10 code=126 modifiers=10486016 repeat=true index=6 cameraY=-7785.340656 targetY=-6848.227765726681
2026-09-07 13:58:42.399 Df OpenPlane[66019:1fd4bc] [com.yalpani.openplane:navigation] arrow phase=before timestamp=110265.717620 type=10 code=126 modifiers=10486016 repeat=true index=6 cameraY=-7671.497230 targetY=-6848.227765726681
2026-09-07 13:58:42.405 Df OpenPlane[66019:1fd4bc] [com.yalpani.openplane:navigation] arrow phase=after timestamp=110265.717620 type=10 code=126 modifiers=10486016 repeat=true index=5 cameraY=-7665.580527 targetY=-5935.5
2026-09-07 13:58:42.430 Df OpenPlane[66019:1fd4bc] [com.yalpani.openplane:navigation] arrow phase=before timestamp=110265.750916 type=10 code=126 modifiers=10486016 repeat=true index=5 cameraY=-7549.296580 targetY=-5935.5
2026-09-07 13:58:42.435 Df OpenPlane[66019:1fd4bc] [com.yalpani.openplane:navigation] arrow phase=after timestamp=110265.750916 type=10 code=126 modifiers=10486016 repeat=true index=4 cameraY=-7543.085329 targetY=-4866.5
2026-09-07 13:58:42.458 Df OpenPlane[66019:1fd4bc] [com.yalpani.openplane:navigation] arrow phase=before timestamp=110265.783807 type=10 code=126 modifiers=10486016 repeat=true index=4 cameraY=-7393.045198 targetY=-4866.5
2026-09-07 13:58:42.463 Df OpenPlane[66019:1fd4bc] [com.yalpani.openplane:navigation] arrow phase=after timestamp=110265.783807 type=10 code=126 modifiers=10486016 repeat=true index=3 cameraY=-7383.820241 targetY=-3775.5
2026-09-07 13:58:42.496 Df OpenPlane[66019:1fd4bc] [com.yalpani.openplane:navigation] arrow phase=before timestamp=110265.817776 type=10 code=126 modifiers=10486016 repeat=true index=3 cameraY=-6995.587507 targetY=-3775.5
2026-09-07 13:58:42.502 Df OpenPlane[66019:1fd4bc] [com.yalpani.openplane:navigation] arrow phase=after timestamp=110265.817776 type=10 code=126 modifiers=10486016 repeat=true index=2 cameraY=-6972.847223 targetY=-2684.5
2026-09-07 13:58:42.529 Df OpenPlane[66019:1fd4bc] [com.yalpani.openplane:navigation] arrow phase=before timestamp=110265.851663 type=10 code=126 modifiers=10486016 repeat=true index=2 cameraY=-6653.322255 targetY=-2684.5
2026-09-07 13:58:42.535 Df OpenPlane[66019:1fd4bc] [com.yalpani.openplane:navigation] arrow phase=after timestamp=110265.851663 type=10 code=126 modifiers=10486016 repeat=true index=1 cameraY=-6629.344385 targetY=-1590.0
2026-09-07 13:58:42.563 Df OpenPlane[66019:1fd4bc] [com.yalpani.openplane:navigation] arrow phase=before timestamp=110265.884925 type=10 code=126 modifiers=10486016 repeat=true index=1 cameraY=-6246.805543 targetY=-1590.0
2026-09-07 13:58:42.568 Df OpenPlane[66019:1fd4bc] [com.yalpani.openplane:navigation] arrow phase=after timestamp=110265.884925 type=10 code=126 modifiers=10486016 repeat=true index=0 cameraY=-6223.852508 targetY=-495.5
2026-09-07 13:58:42.594 Df OpenPlane[66019:1fd4bc] [com.yalpani.openplane:navigation] arrow phase=before timestamp=110265.921769 type=10 code=126 modifiers=10486016 repeat=true index=0 cameraY=-5833.529817 targetY=-495.5
2026-09-07 13:58:42.594 Df OpenPlane[66019:1fd4bc] [com.yalpani.openplane:navigation] arrow phase=after timestamp=110265.921769 type=10 code=126 modifiers=10486016 repeat=true index=0 cameraY=-5823.953075 targetY=-495.5
2026-09-07 13:58:42.627 Df OpenPlane[66019:1fd4bc] [com.yalpani.openplane:navigation] arrow phase=before timestamp=110265.955019 type=10 code=126 modifiers=10486016 repeat=true index=0 cameraY=-4655.138795 targetY=-495.5
2026-09-07 13:58:42.627 Df OpenPlane[66019:1fd4bc] [com.yalpani.openplane:navigation] arrow phase=after timestamp=110265.955019 type=10 code=126 modifiers=10486016 repeat=true index=0 cameraY=-4640.797210 targetY=-495.5
2026-09-07 13:58:42.660 Df OpenPlane[66019:1fd4bc] [com.yalpani.openplane:navigation] arrow phase=before timestamp=110265.988081 type=10 code=126 modifiers=10486016 repeat=true index=0 cameraY=-3101.078911 targetY=-495.5
2026-09-07 13:58:42.661 Df OpenPlane[66019:1fd4bc] [com.yalpani.openplane:navigation] arrow phase=after timestamp=110265.988081 type=10 code=126 modifiers=10486016 repeat=true index=0 cameraY=-3083.341207 targetY=-495.5
2026-09-07 13:58:42.696 Df OpenPlane[66019:1fd4bc] [com.yalpani.openplane:navigation] arrow phase=before timestamp=110266.021409 type=10 code=126 modifiers=10486016 repeat=true index=0 cameraY=-1527.254517 targetY=-495.5
2026-09-07 13:58:42.697 Df OpenPlane[66019:1fd4bc] [com.yalpani.openplane:navigation] arrow phase=after timestamp=110266.021409 type=10 code=126 modifiers=10486016 repeat=true index=0 cameraY=-1510.974184 targetY=-495.5
2026-09-07 13:58:42.726 Df OpenPlane[66019:1fd4bc] [com.yalpani.openplane:navigation] arrow phase=before timestamp=110266.054682 type=10 code=126 modifiers=10486016 repeat=true index=0 cameraY=-662.870779 targetY=-495.5
2026-09-07 13:58:42.727 Df OpenPlane[66019:1fd4bc] [com.yalpani.openplane:navigation] arrow phase=after timestamp=110266.054682 type=10 code=126 modifiers=10486016 repeat=true index=0 cameraY=-655.800235 targetY=-495.5
2026-09-07 13:58:42.760 Df OpenPlane[66019:1fd4bc] [com.yalpani.openplane:navigation] arrow phase=before timestamp=110266.088485 type=10 code=126 modifiers=10486016 repeat=true index=0 cameraY=-495.500000 targetY=-495.5
2026-09-07 13:58:42.761 Df OpenPlane[66019:1fd4bc] [com.yalpani.openplane:navigation] arrow phase=after timestamp=110266.088485 type=10 code=126 modifiers=10486016 repeat=true index=0 cameraY=-495.500000 targetY=-495.5
2026-09-07 13:58:42.792 Df OpenPlane[66019:1fd4bc] [com.yalpani.openplane:navigation] arrow phase=before timestamp=110266.119609 type=10 code=126 modifiers=10486016 repeat=true index=0 cameraY=-495.500000 targetY=-495.5
2026-09-07 13:58:42.792 Df OpenPlane[66019:1fd4bc] [com.yalpani.openplane:navigation] arrow phase=after timestamp=110266.119609 type=10 code=126 modifiers=10486016 repeat=true index=0 cameraY=-495.500000 targetY=-495.5
2026-09-07 13:58:42.826 Df OpenPlane[66019:1fd4bc] [com.yalpani.openplane:navigation] arrow phase=before timestamp=110266.153099 type=10 code=126 modifiers=10486016 repeat=true index=0 cameraY=-495.500000 targetY=-495.5
2026-09-07 13:58:42.826 Df OpenPlane[66019:1fd4bc] [com.yalpani.openplane:navigation] arrow phase=after timestamp=110266.153099 type=10 code=126 modifiers=10486016 repeat=true index=0 cameraY=-495.500000 targetY=-495.5
2026-09-07 13:58:42.858 Df OpenPlane[66019:1fd4bc] [com.yalpani.openplane:navigation] arrow phase=before timestamp=110266.186142 type=10 code=126 modifiers=10486016 repeat=true index=0 cameraY=-495.500000 targetY=-495.5
2026-09-07 13:58:42.858 Df OpenPlane[66019:1fd4bc] [com.yalpani.openplane:navigation] arrow phase=after timestamp=110266.186142 type=10 code=126 modifiers=10486016 repeat=true index=0 cameraY=-495.500000 targetY=-495.5
2026-09-07 13:58:42.893 Df OpenPlane[66019:1fd4bc] [com.yalpani.openplane:navigation] arrow phase=before timestamp=110266.220055 type=10 code=126 modifiers=10486016 repeat=true index=0 cameraY=-495.500000 targetY=-495.5
2026-09-07 13:58:42.893 Df OpenPlane[66019:1fd4bc] [com.yalpani.openplane:navigation] arrow phase=after timestamp=110266.220055 type=10 code=126 modifiers=10486016 repeat=true index=0 cameraY=-495.500000 targetY=-495.5
2026-09-07 13:58:42.926 Df OpenPlane[66019:1fd4bc] [com.yalpani.openplane:navigation] arrow phase=before timestamp=110266.253162 type=10 code=126 modifiers=10486016 repeat=true index=0 cameraY=-495.500000 targetY=-495.5
2026-09-07 13:58:42.926 Df OpenPlane[66019:1fd4bc] [com.yalpani.openplane:navigation] arrow phase=after timestamp=110266.253162 type=10 code=126 modifiers=10486016 repeat=true index=0 cameraY=-495.500000 targetY=-495.5
2026-09-07 13:58:42.959 Df OpenPlane[66019:1fd4bc] [com.yalpani.openplane:navigation] arrow phase=before timestamp=110266.286888 type=10 code=126 modifiers=10486016 repeat=true index=0 cameraY=-495.500000 targetY=-495.5
2026-09-07 13:58:42.959 Df OpenPlane[66019:1fd4bc] [com.yalpani.openplane:navigation] arrow phase=after timestamp=110266.286888 type=10 code=126 modifiers=10486016 repeat=true index=0 cameraY=-495.500000 targetY=-495.5
2026-09-07 13:58:42.983 Df OpenPlane[66019:1fd4bc] [com.yalpani.openplane:navigation] arrow phase=release timestamp=110266.310460 type=11 code=126 modifiers=10486016 repeat=false index=0 cameraY=-495.500000 targetY=-495.5

